,mu,sigma,trials,cluster size,decision,alpha,tau,epsilon,clustering,labels,mut inf scr,adj mis,norm mis,adj rand s,complet,homogen,vmeas,mut inf scr1,adj mis1,norm mis1,adj rand s1,complet1,homogen1,vmeas1
0,"[0, 2, 4]","[1, 1, 1]",100.0,10.0,softmax,"[0.1, 1]","[0.3, 0.3]",,spectral warp,[0 0 0 0 0 0 1 1 0 1 1 1 0 0 0 0 1 1 0 0],0.00551,-0.03305,0.00822,-0.0398,0.00851,0.00795,0.00822,43.0,28.0,43.0,43.0,43.0,43.0,43.0
1,"[0, 2, 4]","[1, 1, 1]",100.0,10.0,softmax,"[0.1, 1]","[0.3, 0.3]",,aff prop,[0 0 0 0 0 0 1 1 0 1 1 1 2 0 2 2 1 1 0 0],0.1487,0.09422,0.17873,0.07083,0.14891,0.21452,0.17579,13.0,2.0,12.0,2.0,14.0,13.0,11.0
2,"[0, 2, 4]","[1, 1, 1]",100.0,10.0,softmax,"[0.1, 1]","[0.3, 0.3]",,pca,[1 0 1 0 0 1 1 1 1 1 1 1 0 1 0 0 1 1 1 0],0.00551,-0.03305,0.00822,-0.0398,0.00851,0.00795,0.00822,43.0,26.0,43.0,43.0,43.0,43.0,43.0
3,"[0, 2, 4]","[1, 1, 1]",100.0,10.0,softmax,"[0.1, 1]","[0.3, 0.3]",,spectral overlap,[1 0 0 0 0 0 0 0 0 0 0 0 0 0 0 0 0 0 0 0],0.03597,0.0,0.09698,0.0,0.18121,0.0519,0.08069,22.0,20.0,19.0,18.0,9.0,22.0,20.0
4,"[0, 2, 4]","[1, 1, 1]",100.0,10.0,softmax,"[0.1, 1]","[0.3, 0.3]",,km_choice,[1 0 1 0 0 0 0 0 0 0 0 0 0 0 1 0 0 0 0 0],0.00997,-0.0342,0.01841,-0.01731,0.02358,0.01438,0.01786,28.0,34.0,28.0,26.0,28.0,28.0,28.0
5,"[0, 2, 4]","[1, 1, 1]",100.0,10.0,softmax,"[0.1, 1]","[0.3, 0.3]",,km_ent,[0 1 0 1 1 0 0 0 0 0 0 0 1 0 1 1 0 0 0 1],0.00551,-0.03305,0.00822,-0.0398,0.00851,0.00795,0.00822,43.0,28.0,43.0,43.0,43.0,43.0,43.0
6,"[0, 2, 4]","[1, 1, 1]",100.0,10.0,softmax,"[0.1, 1]","[0.3, 0.3]",,km_con,[1 0 1 0 0 0 0 0 0 0 0 0 1 0 1 1 0 0 0 0],0.0067,-0.0333,0.01073,-0.03068,0.01192,0.00967,0.01068,41.0,32.0,41.0,39.0,41.0,41.0,41.0
7,"[0, 2, 4]","[1, 1, 1]",100.0,10.0,softmax,"[0.1, 1]","[0.3, 0.3]",,spect_cos_cat,[0 0 0 1 0 0 0 0 0 0 0 0 1 0 1 1 0 0 0 0],0.03243,0.00325,0.05506,0.00654,0.06481,0.04678,0.05434,23.0,19.0,22.0,16.0,22.0,23.0,22.0
8,"[0, 2, 4]","[1, 1, 1]",100.0,10.0,softmax,"[0.1, 1]","[0.3, 0.3]",,aff_cos_cat,[1 1 1 0 0 1 1 1 1 1 1 1 2 1 3 4 1 1 1 1],0.17495,0.04191,0.22208,-0.00441,0.1954,0.25241,0.22027,11.0,13.0,9.0,19.0,8.0,11.0,9.0
9,"[0, 2, 4]","[1, 1, 1]",100.0,10.0,softmax,"[0.1, 1]","[0.3, 0.3]",,spect_cos_ent,[1 1 0 0 1 1 0 0 1 0 0 0 0 1 0 0 0 0 1 0],0.05067,0.0348,0.07564,0.04422,0.07826,0.0731,0.0756,20.0,16.0,21.0,6.0,21.0,20.0,21.0
10,"[0, 2, 4]","[1, 1, 1]",100.0,10.0,softmax,"[0.1, 1]","[0.3, 0.3]",,aff_cos_ent,[0 0 0 0 0 0 1 1 0 2 3 1 0 0 0 0 1 2 0 0],0.03658,-0.07411,0.04434,-0.04791,0.03726,0.05278,0.04368,21.0,53.0,23.0,50.0,25.0,21.0,23.0
11,"[0, 2, 4]","[1, 1, 1]",100.0,10.0,softmax,"[0.1, 1]","[0.3, 0.3]",,spect_rbf,[0 1 1 1 1 0 0 0 0 0 0 0 1 0 1 1 0 0 0 1],0.0,-0.04091,0.0,-0.05322,0.0,0.0,0.0,49.0,47.0,49.0,51.0,49.0,49.0,49.0
12,"[0, 2, 4]","[1, 1, 1]",100.0,10.0,softmax,"[0.1, 1]","[0.3, 0.3]",,spect_esk_sim,[1 0 1 0 0 0 0 0 0 0 0 0 0 0 1 0 0 0 0 0],0.00997,-0.0342,0.01841,-0.01731,0.02358,0.01438,0.01786,28.0,34.0,28.0,26.0,28.0,28.0,28.0
13,"[0, 2, 4]","[1, 1, 1]",100.0,10.0,softmax,"[0.1, 1]","[0.3, 0.3]",,aff_esk_sim,[0 1 0 1 2 2 2 2 2 2 2 2 3 2 4 5 2 2 2 6],0.27726,0.05407,0.28492,-0.0045,0.20295,0.4,0.26927,5.0,11.0,2.0,22.0,5.0,5.0,2.0
14,"[0, 2, 4]","[1, 1, 1]",100.0,10.0,softmax,"[0.1, 1]","[0.3, 0.3]",,spect_lin_sim,[1 0 1 0 0 0 0 0 0 0 0 0 0 0 1 1 0 0 0 0],0.0,-0.04567,0.0,-0.03486,0.0,0.0,0.0,52.0,51.0,52.0,41.0,52.0,52.0,52.0
15,"[0, 2, 4]","[1, 1, 1]",100.0,10.0,softmax,"[0.1, 1]","[0.3, 0.3]",,aff_lin_sim,[0 1 0 1 1 1 1 1 1 1 1 1 2 1 3 4 1 1 1 5],0.21511,0.03965,0.24873,0.00888,0.19935,0.31034,0.24276,8.0,14.0,6.0,14.0,6.0,8.0,5.0
16,"[0, 2, 4]","[1, 1, 1]",100.0,10.0,softmax,"[0.1, 1]","[0.3, 0.3]",,comp_hr_esk_dis,[0 1 0 1 1 1 1 1 1 1 1 1 1 1 0 1 1 1 1 1],0.00997,-0.0342,0.01841,-0.01731,0.02358,0.01438,0.01786,28.0,34.0,28.0,26.0,28.0,28.0,28.0
17,"[0, 2, 4]","[1, 1, 1]",100.0,10.0,softmax,"[0.1, 1]","[0.3, 0.3]",,avg_hr_esk_dis,[0 1 0 1 1 1 1 1 1 1 1 1 1 1 0 1 1 1 1 1],0.00997,-0.0342,0.01841,-0.01731,0.02358,0.01438,0.01786,28.0,34.0,28.0,26.0,28.0,28.0,28.0
18,"[0, 2, 4]","[1, 1, 1]",100.0,10.0,softmax,"[0.1, 1]","[0.3, 0.3]",,comp_hr_lin_din,[1 0 1 0 0 0 0 0 0 0 0 0 0 0 1 0 0 0 0 0],0.00997,-0.0342,0.01841,-0.01731,0.02358,0.01438,0.01786,28.0,34.0,28.0,26.0,28.0,28.0,28.0
19,"[0, 2, 4]","[1, 1, 1]",100.0,10.0,softmax,"[0.1, 1]","[0.3, 0.3]",,avg_hr_lin_dis,[1 0 1 0 0 0 0 0 0 0 0 0 0 0 1 0 0 0 0 0],0.00997,-0.0342,0.01841,-0.01731,0.02358,0.01438,0.01786,28.0,34.0,28.0,26.0,28.0,28.0,28.0
20,"[0, 2, 4]","[1, 1, 1]",100.0,10.0,softmax,"[0.1, 1]","[0.3, 0.3]",,spect_edr,[0 1 1 1 1 0 0 0 0 0 0 0 1 0 1 1 0 0 0 1],0.0,-0.04091,0.0,-0.05322,0.0,0.0,0.0,49.0,47.0,49.0,51.0,49.0,49.0,49.0
21,"[0, 2, 4]","[1, 1, 1]",100.0,10.0,softmax,"[0.1, 1]","[0.3, 0.3]",,aff_edr,[0 0 0 3 0 1 1 1 0 1 1 1 2 1 2 2 1 1 0 3],0.17953,0.07297,0.19401,0.06346,0.14533,0.25901,0.18619,10.0,3.0,11.0,3.0,15.0,10.0,10.0
22,"[0, 2, 4]","[1, 1, 1]",100.0,10.0,softmax,"[0.1, 1]","[0.3, 0.3]",,spectral bad warp,[1 0 1 0 0 0 0 0 0 0 0 0 0 0 1 0 0 0 0 0],0.00997,-0.0342,0.01841,-0.01731,0.02358,0.01438,0.01786,28.0,34.0,28.0,26.0,28.0,28.0,28.0
23,"[0, 2, 4]","[1, 1, 1]",100.0,10.0,softmax,"[0.1, 1]","[0.3, 0.3]",,affinity bad warp,[0 1 0 1 1 2 2 2 2 2 2 2 3 2 3 3 2 2 2 4],0.31419,0.15545,0.33382,0.05643,0.24585,0.45328,0.31879,1.0,1.0,1.0,4.0,1.0,1.0,1.0
24,"[0, 2, 4]","[1, 1, 1]",100.0,10.0,softmax,"[0.1, 1]","[0.3, 0.3]",,PCA bad euclid,[1 0 1 0 0 0 0 0 0 0 0 0 0 0 1 0 0 0 0 0],0.00997,-0.0342,0.01841,-0.01731,0.02358,0.01438,0.01786,28.0,34.0,28.0,26.0,28.0,28.0,28.0
25,"[0, 2, 4]","[1, 1, 1]",100.0,10.0,softmax,"[0.1, 1]","[0.3, 0.3]",,spectral bad eucsim,[1 0 1 0 0 0 0 0 0 0 0 0 1 0 1 1 0 0 0 0],0.0067,-0.0333,0.01073,-0.03068,0.01192,0.00967,0.01068,41.0,32.0,41.0,39.0,41.0,41.0,41.0
26,"[0, 2, 4]","[1, 1, 1]",100.0,10.0,softmax,"[0.1, 1]","[0.3, 0.3]",,affinity bad eucsim,[0 1 0 1 1 3 2 2 3 2 2 2 4 3 5 6 2 2 3 3],0.28588,0.05441,0.26506,0.00917,0.17035,0.41243,0.24111,2.0,10.0,5.0,13.0,12.0,2.0,7.0
27,"[0, 2, 4]","[1, 1, 1]",100.0,10.0,softmax,"[0.1, 1]","[0.3, 0.3]",,spectral bad cosine,[0 1 0 1 1 1 0 0 1 0 0 0 1 1 0 0 0 0 1 0],0.02101,-0.00937,0.03076,-0.01109,0.03121,0.03031,0.03075,26.0,23.0,26.0,23.0,26.0,26.0,26.0
28,"[0, 2, 4]","[1, 1, 1]",100.0,10.0,softmax,"[0.1, 1]","[0.3, 0.3]",,affinity bad cosine,[3 3 3 3 3 3 0 0 3 1 2 0 3 3 3 3 0 3 3 3],0.06931,-0.04287,0.0892,-0.04095,0.07957,0.1,0.08862,18.0,50.0,20.0,48.0,20.0,18.0,19.0
29,"[0, 2, 4]","[1, 1, 1]",100.0,10.0,softmax,"[0.1, 1]","[0.3, 0.3]",,spectral bad rbf,[1 0 1 0 0 0 0 0 0 0 0 0 0 0 1 0 0 0 0 0],0.00997,-0.0342,0.01841,-0.01731,0.02358,0.01438,0.01786,28.0,34.0,28.0,26.0,28.0,28.0,28.0
30,"[0, 2, 4]","[1, 1, 1]",100.0,10.0,softmax,"[0.1, 1]","[0.3, 0.3]",,affinity bad rbf,[0 1 0 1 1 1 1 1 1 1 1 1 2 1 3 4 1 1 1 5],0.21511,0.03965,0.24873,0.00888,0.19935,0.31034,0.24276,8.0,14.0,6.0,14.0,6.0,8.0,5.0
31,"[0, 2, 4]","[1, 1, 1]",100.0,10.0,softmax,"[0.1, 1]","[0.3, 0.3]",,spectral bad edr,[1 0 1 0 0 0 0 0 0 0 0 0 0 0 0 0 0 0 0 0],0.07488,0.05993,0.15775,0.02146,0.23035,0.10803,0.14708,15.0,5.0,14.0,9.0,2.0,15.0,14.0
32,"[0, 2, 4]","[1, 1, 1]",100.0,10.0,softmax,"[0.1, 1]","[0.3, 0.3]",,affinity bad edr,[0 1 0 4 2 2 3 3 1 5 4 5 4 4 4 1 3 4 4 5],0.26318,0.06188,0.24376,0.10563,0.1565,0.37968,0.22164,6.0,4.0,8.0,1.0,13.0,6.0,8.0
33,"[0, 2, 4]","[1, 1, 1]",100.0,10.0,softmax,"[0.1, 1]","[0.3, 0.3]",,kmeans badset,[1 0 1 0 0 0 0 0 0 0 0 0 0 0 1 0 0 0 0 0],0.00997,-0.0342,0.01841,-0.01731,0.02358,0.01438,0.01786,28.0,34.0,28.0,26.0,28.0,28.0,28.0
34,"[0, 2, 4]","[1, 1, 1]",100.0,10.0,softmax,"[0.1, 1]","[0.3, 0.3]",,complete badset,[0 1 0 1 1 1 1 1 1 1 1 1 1 1 0 1 1 1 1 1],0.00997,-0.0342,0.01841,-0.01731,0.02358,0.01438,0.01786,28.0,34.0,28.0,26.0,28.0,28.0,28.0
35,"[0, 2, 4]","[1, 1, 1]",100.0,10.0,softmax,"[0.1, 1]","[0.3, 0.3]",,average badset,[0 1 0 1 1 1 1 1 1 1 1 1 1 1 0 1 1 1 1 1],0.00997,-0.0342,0.01841,-0.01731,0.02358,0.01438,0.01786,28.0,34.0,28.0,26.0,28.0,28.0,28.0
36,"[0, 2, 4]","[1, 1, 1]",100.0,10.0,softmax,"[0.1, 1]","[0.3, 0.3]",,ward badset,[1 0 1 0 0 0 0 0 0 0 0 0 0 0 1 0 0 0 0 0],0.00997,-0.0342,0.01841,-0.01731,0.02358,0.01438,0.01786,28.0,34.0,28.0,26.0,28.0,28.0,28.0
37,"[0, 2, 4]","[1, 1, 1]",100.0,10.0,softmax,"[0.1, 1]","[0.3, 0.3]",,spectral eblock warp,[1 1 1 1 1 1 0 0 1 0 0 0 1 1 1 0 0 0 1 1],0.02101,-0.00937,0.03076,-0.01109,0.03121,0.03031,0.03075,26.0,24.0,26.0,23.0,26.0,26.0,26.0
38,"[0, 2, 4]","[1, 1, 1]",100.0,10.0,softmax,"[0.1, 1]","[0.3, 0.3]",,affinity eblock warp,[0 1 1 1 1 0 2 2 0 2 2 2 1 0 3 3 2 2 0 4],0.16078,0.02345,0.16089,0.00228,0.1116,0.23195,0.1507,12.0,17.0,13.0,17.0,18.0,12.0,13.0
39,"[0, 2, 4]","[1, 1, 1]",100.0,10.0,softmax,"[0.1, 1]","[0.3, 0.3]",,PCA eblock euclid,[1 0 0 0 0 1 1 1 1 1 1 1 0 1 0 0 1 1 1 0],0.0,-0.04091,0.0,-0.05322,0.0,0.0,0.0,49.0,49.0,49.0,51.0,49.0,49.0,49.0
40,"[0, 2, 4]","[1, 1, 1]",100.0,10.0,softmax,"[0.1, 1]","[0.3, 0.3]",,spectral eblock eucsim,[0 0 0 0 0 0 1 1 0 1 1 1 0 0 0 0 1 1 0 0],0.00551,-0.03305,0.00822,-0.0398,0.00851,0.00795,0.00822,43.0,28.0,43.0,43.0,43.0,43.0,43.0
41,"[0, 2, 4]","[1, 1, 1]",100.0,10.0,softmax,"[0.1, 1]","[0.3, 0.3]",,affinity eblock eucsim,[0 1 1 1 1 0 2 2 0 2 2 2 3 0 4 5 2 2 0 6],0.28588,0.05724,0.26853,0.03205,0.17484,0.41243,0.24558,2.0,8.0,3.0,7.0,10.0,2.0,3.0
42,"[0, 2, 4]","[1, 1, 1]",100.0,10.0,softmax,"[0.1, 1]","[0.3, 0.3]",,spectral eblock cosine,[0 0 0 0 0 0 0 0 0 0 0 0 1 0 0 0 0 0 0 1],0.07488,0.05993,0.15775,0.02146,0.23035,0.10803,0.14708,15.0,5.0,14.0,9.0,2.0,15.0,14.0
43,"[0, 2, 4]","[1, 1, 1]",100.0,10.0,softmax,"[0.1, 1]","[0.3, 0.3]",,affinity eblock cosine,[0 0 0 0 0 0 1 1 0 2 3 4 0 0 0 4 1 2 0 0],0.12084,-0.0177,0.13242,-0.01348,0.10058,0.17433,0.12757,14.0,25.0,17.0,25.0,19.0,14.0,17.0
44,"[0, 2, 4]","[1, 1, 1]",100.0,10.0,softmax,"[0.1, 1]","[0.3, 0.3]",,spectral eblock rbf,[0 1 1 1 1 0 0 0 0 0 0 0 1 0 0 0 0 0 0 1],0.02416,-0.00575,0.03712,-0.00441,0.03955,0.03485,0.03705,24.0,22.0,24.0,19.0,23.0,24.0,24.0
45,"[0, 2, 4]","[1, 1, 1]",100.0,10.0,softmax,"[0.1, 1]","[0.3, 0.3]",,affinity eblock rbf,[0 1 1 1 1 0 2 2 0 2 2 2 3 0 4 5 2 2 0 6],0.28588,0.05724,0.26853,0.03205,0.17484,0.41243,0.24558,2.0,8.0,3.0,7.0,10.0,2.0,3.0
46,"[0, 2, 4]","[1, 1, 1]",100.0,10.0,softmax,"[0.1, 1]","[0.3, 0.3]",,spectral eblock edr,[0 0 0 0 0 1 1 0 0 0 0 0 0 1 0 0 1 0 0 0],0.0,-0.04567,0.0,-0.03486,0.0,0.0,0.0,52.0,51.0,52.0,41.0,52.0,52.0,52.0
47,"[0, 2, 4]","[1, 1, 1]",100.0,10.0,softmax,"[0.1, 1]","[0.3, 0.3]",,affinity eblock edr,[0 1 3 4 2 2 3 3 1 6 4 6 5 5 5 1 3 0 0 6],0.22493,0.0116,0.19495,0.01156,0.11711,0.32451,0.17211,7.0,18.0,10.0,12.0,16.0,7.0,12.0
48,"[0, 2, 4]","[1, 1, 1]",100.0,10.0,softmax,"[0.1, 1]","[0.3, 0.3]",,kmeans eblockset,[0 1 1 1 1 0 0 0 0 0 0 0 1 0 0 0 0 0 0 0],0.06329,0.05187,0.10137,0.0526,0.11254,0.09131,0.10082,19.0,12.0,18.0,5.0,17.0,19.0,18.0
49,"[0, 2, 4]","[1, 1, 1]",100.0,10.0,softmax,"[0.1, 1]","[0.3, 0.3]",,complete eblockset,[1 0 0 0 0 1 1 1 1 1 1 1 0 1 0 1 1 1 1 0],0.00551,-0.03305,0.00822,-0.0398,0.00851,0.00795,0.00822,43.0,26.0,43.0,43.0,43.0,43.0,43.0
50,"[0, 2, 4]","[1, 1, 1]",100.0,10.0,softmax,"[0.1, 1]","[0.3, 0.3]",,average eblockset,[0 0 0 0 0 0 0 0 0 0 0 0 1 0 0 0 0 0 0 1],0.07488,0.05993,0.15775,0.02146,0.23035,0.10803,0.14708,15.0,5.0,14.0,9.0,2.0,15.0,14.0
51,"[0, 2, 4]","[1, 1, 1]",100.0,10.0,softmax,"[0.1, 1]","[0.3, 0.3]",,ward eblockset,[1 0 0 0 0 1 1 1 1 1 1 1 0 1 1 1 1 1 1 0],0.02416,-0.00575,0.03712,-0.00441,0.03955,0.03485,0.03705,24.0,21.0,24.0,19.0,23.0,24.0,24.0
52,"[0, 2, 4]","[1, 1, 1]",100.0,10.0,softmax,"[0.1, 1]","[0.3, 0.3]",,levenstein,[0 0 0 0 0 1 1 1 1 1 1 1 0 1 0 0 1 1 1 0],0.00506,-0.03311,0.00733,-0.04442,0.00735,0.0073,0.00733,48.0,31.0,48.0,49.0,48.0,48.0,48.0
53,"[0, 2, 4]","[1, 1, 1]",100.0,10.0,softmax,"[0.05, 1]","[0.3, 0.3]",,spectral warp,[0 0 0 0 0 0 1 0 0 1 0 1 1 1 1 0 0 1 1 1],0.13251,0.15824,0.19186,0.20877,0.19256,0.19116,0.19186,24.0,16.0,21.0,12.0,15.0,24.0,20.0
54,"[0, 2, 4]","[1, 1, 1]",100.0,10.0,softmax,"[0.05, 1]","[0.3, 0.3]",,aff prop,[0 2 2 2 2 2 0 2 2 0 1 0 0 0 0 2 2 0 0 0],0.14935,0.10872,0.19392,0.16192,0.17453,0.21546,0.19285,22.0,18.0,19.0,17.0,21.0,22.0,19.0
55,"[0, 2, 4]","[1, 1, 1]",100.0,10.0,softmax,"[0.05, 1]","[0.3, 0.3]",,pca,[0 1 1 1 1 0 0 1 1 0 0 0 0 0 0 0 1 0 0 0],0.1484,0.18162,0.22152,0.21227,0.22921,0.21409,0.22139,23.0,11.0,14.0,11.0,14.0,23.0,14.0
56,"[0, 2, 4]","[1, 1, 1]",100.0,10.0,softmax,"[0.05, 1]","[0.3, 0.3]",,spectral overlap,[0 0 0 0 0 1 0 0 0 0 0 0 0 0 0 0 0 0 0 0],0.03597,0.0,0.09698,0.0,0.18121,0.0519,0.08069,34.0,33.0,30.0,32.0,18.0,34.0,30.0
57,"[0, 2, 4]","[1, 1, 1]",100.0,10.0,softmax,"[0.05, 1]","[0.3, 0.3]",,km_choice,[1 1 1 1 1 0 1 1 1 1 0 1 1 1 1 1 1 0 1 1],0.00997,-0.0342,0.01841,-0.01731,0.02358,0.01438,0.01786,37.0,39.0,37.0,36.0,37.0,37.0,37.0
58,"[0, 2, 4]","[1, 1, 1]",100.0,10.0,softmax,"[0.05, 1]","[0.3, 0.3]",,km_ent,[1 0 0 0 0 0 1 0 0 1 1 1 1 1 1 0 0 1 1 1],0.13251,0.15824,0.19186,0.20877,0.19256,0.19116,0.19186,24.0,14.0,21.0,12.0,15.0,24.0,20.0
59,"[0, 2, 4]","[1, 1, 1]",100.0,10.0,softmax,"[0.05, 1]","[0.3, 0.3]",,km_con,[0 1 1 1 1 1 0 1 1 0 1 0 0 0 0 1 1 1 0 0],0.0462,0.02866,0.0669,0.03998,0.06714,0.06665,0.0669,31.0,24.0,34.0,28.0,34.0,31.0,34.0
60,"[0, 2, 4]","[1, 1, 1]",100.0,10.0,softmax,"[0.05, 1]","[0.3, 0.3]",,spect_cos_cat,[0 0 0 0 0 1 1 0 0 1 0 1 1 1 1 0 0 0 1 1],0.0462,0.02866,0.0669,0.03998,0.06714,0.06665,0.0669,31.0,26.0,34.0,28.0,34.0,31.0,34.0
61,"[0, 2, 4]","[1, 1, 1]",100.0,10.0,softmax,"[0.05, 1]","[0.3, 0.3]",,aff_cos_cat,[1 3 3 3 3 0 1 3 3 1 2 1 1 1 1 3 3 4 1 1],0.18178,0.04452,0.20141,0.07892,0.15468,0.26226,0.19459,18.0,21.0,17.0,21.0,24.0,18.0,17.0
62,"[0, 2, 4]","[1, 1, 1]",100.0,10.0,softmax,"[0.05, 1]","[0.3, 0.3]",,spect_cos_ent,[1 0 0 0 0 0 1 0 0 1 0 1 1 0 0 0 0 0 0 0],0.0067,-0.0333,0.01073,-0.03068,0.01192,0.00967,0.01068,51.0,38.0,51.0,52.0,51.0,51.0,51.0
63,"[0, 2, 4]","[1, 1, 1]",100.0,10.0,softmax,"[0.05, 1]","[0.3, 0.3]",,aff_cos_ent,[0 1 1 1 1 1 0 1 1 0 2 0 0 3 4 1 1 1 5 6],0.21946,0.00847,0.21951,0.04193,0.15218,0.31662,0.20556,13.0,30.0,15.0,27.0,26.0,13.0,16.0
64,"[0, 2, 4]","[1, 1, 1]",100.0,10.0,softmax,"[0.05, 1]","[0.3, 0.3]",,spect_rbf,[1 0 0 0 0 0 1 0 0 1 1 1 1 1 1 0 0 1 1 1],0.13251,0.15824,0.19186,0.20877,0.19256,0.19116,0.19186,24.0,14.0,21.0,12.0,15.0,24.0,20.0
65,"[0, 2, 4]","[1, 1, 1]",100.0,10.0,softmax,"[0.05, 1]","[0.3, 0.3]",,spect_esk_sim,[0 0 0 0 0 1 0 0 0 0 1 0 0 0 0 0 0 1 0 0],0.00997,-0.0342,0.01841,-0.01731,0.02358,0.01438,0.01786,37.0,39.0,37.0,36.0,37.0,37.0,37.0
66,"[0, 2, 4]","[1, 1, 1]",100.0,10.0,softmax,"[0.05, 1]","[0.3, 0.3]",,aff_esk_sim,[3 0 4 4 3 1 3 0 4 3 2 3 3 3 3 4 4 5 3 3],0.18839,0.01321,0.19313,-0.01133,0.13723,0.27179,0.18238,16.0,28.0,20.0,35.0,27.0,16.0,23.0
67,"[0, 2, 4]","[1, 1, 1]",100.0,10.0,softmax,"[0.05, 1]","[0.3, 0.3]",,spect_lin_sim,[0 0 0 0 0 1 0 0 0 0 1 0 0 0 0 0 0 1 0 0],0.00997,-0.0342,0.01841,-0.01731,0.02358,0.01438,0.01786,37.0,39.0,37.0,36.0,37.0,37.0,37.0
68,"[0, 2, 4]","[1, 1, 1]",100.0,10.0,softmax,"[0.05, 1]","[0.3, 0.3]",,aff_lin_sim,[3 0 4 4 3 1 3 0 4 3 2 3 3 3 3 4 4 1 3 3],0.11907,-0.01454,0.12527,-0.02151,0.09135,0.17179,0.11928,27.0,36.0,29.0,51.0,32.0,27.0,29.0
69,"[0, 2, 4]","[1, 1, 1]",100.0,10.0,softmax,"[0.05, 1]","[0.3, 0.3]",,comp_hr_esk_dis,[0 0 0 0 0 1 0 0 0 0 0 0 0 0 0 0 0 1 0 0],0.0,-0.05393,0.0,-0.01931,0.0,0.0,0.0,53.0,53.0,53.0,50.0,53.0,53.0,53.0
70,"[0, 2, 4]","[1, 1, 1]",100.0,10.0,softmax,"[0.05, 1]","[0.3, 0.3]",,avg_hr_esk_dis,[1 1 1 1 1 0 1 1 1 1 0 1 1 1 1 1 1 0 1 1],0.00997,-0.0342,0.01841,-0.01731,0.02358,0.01438,0.01786,37.0,39.0,37.0,36.0,37.0,37.0,37.0
71,"[0, 2, 4]","[1, 1, 1]",100.0,10.0,softmax,"[0.05, 1]","[0.3, 0.3]",,comp_hr_lin_din,[0 0 0 0 0 1 0 0 0 0 1 0 0 0 0 0 0 1 0 0],0.00997,-0.0342,0.01841,-0.01731,0.02358,0.01438,0.01786,37.0,39.0,37.0,36.0,37.0,37.0,37.0
72,"[0, 2, 4]","[1, 1, 1]",100.0,10.0,softmax,"[0.05, 1]","[0.3, 0.3]",,avg_hr_lin_dis,[0 0 0 0 0 1 0 0 0 0 1 0 0 0 0 0 0 1 0 0],0.00997,-0.0342,0.01841,-0.01731,0.02358,0.01438,0.01786,37.0,39.0,37.0,36.0,37.0,37.0,37.0
73,"[0, 2, 4]","[1, 1, 1]",100.0,10.0,softmax,"[0.05, 1]","[0.3, 0.3]",,spect_edr,[1 1 0 0 0 0 1 1 0 1 1 1 1 1 1 0 0 1 1 1],0.05067,0.0348,0.07564,0.04422,0.07826,0.0731,0.0756,30.0,23.0,33.0,26.0,33.0,30.0,33.0
74,"[0, 2, 4]","[1, 1, 1]",100.0,10.0,softmax,"[0.05, 1]","[0.3, 0.3]",,aff_edr,[1 1 0 0 0 0 1 0 0 1 2 1 1 1 1 0 0 1 1 1],0.1077,0.05679,0.14071,0.07808,0.12744,0.15538,0.14003,28.0,20.0,28.0,23.0,29.0,28.0,28.0
75,"[0, 2, 4]","[1, 1, 1]",100.0,10.0,softmax,"[0.05, 1]","[0.3, 0.3]",,spectral bad warp,[0 0 0 0 0 1 0 0 0 0 1 0 0 0 0 0 0 1 0 0],0.00997,-0.0342,0.01841,-0.01731,0.02358,0.01438,0.01786,37.0,39.0,37.0,36.0,37.0,37.0,37.0
76,"[0, 2, 4]","[1, 1, 1]",100.0,10.0,softmax,"[0.05, 1]","[0.3, 0.3]",,affinity bad warp,[2 3 0 0 0 1 2 0 0 2 3 2 2 2 2 3 3 3 2 2],0.28162,0.16926,0.30849,0.16082,0.23424,0.40628,0.29716,5.0,13.0,12.0,18.0,13.0,5.0,12.0
77,"[0, 2, 4]","[1, 1, 1]",100.0,10.0,softmax,"[0.05, 1]","[0.3, 0.3]",,PCA bad euclid,[0 0 0 0 0 1 0 0 0 0 1 0 0 0 0 0 0 1 0 0],0.00997,-0.0342,0.01841,-0.01731,0.02358,0.01438,0.01786,37.0,39.0,37.0,36.0,37.0,37.0,37.0
78,"[0, 2, 4]","[1, 1, 1]",100.0,10.0,softmax,"[0.05, 1]","[0.3, 0.3]",,spectral bad eucsim,[0 1 1 1 1 1 0 1 1 0 1 0 0 0 0 1 1 1 0 0],0.0462,0.02866,0.0669,0.03998,0.06714,0.06665,0.0669,31.0,24.0,34.0,28.0,34.0,31.0,34.0
79,"[0, 2, 4]","[1, 1, 1]",100.0,10.0,softmax,"[0.05, 1]","[0.3, 0.3]",,affinity bad eucsim,[3 0 1 1 1 2 3 0 1 3 4 3 3 3 3 0 1 5 3 3],0.18614,0.0129,0.18632,0.03866,0.12928,0.26854,0.17453,17.0,29.0,24.0,31.0,28.0,17.0,24.0
80,"[0, 2, 4]","[1, 1, 1]",100.0,10.0,softmax,"[0.05, 1]","[0.3, 0.3]",,spectral bad cosine,[1 1 1 1 1 0 1 1 1 1 0 1 1 1 1 1 1 0 1 1],0.00997,-0.0342,0.01841,-0.01731,0.02358,0.01438,0.01786,37.0,39.0,37.0,36.0,37.0,37.0,37.0
81,"[0, 2, 4]","[1, 1, 1]",100.0,10.0,softmax,"[0.05, 1]","[0.3, 0.3]",,affinity bad cosine,[2 2 2 2 2 3 2 2 2 2 3 2 2 0 1 2 2 3 4 5],0.19646,0.02015,0.21875,0.09827,0.16882,0.28344,0.21161,14.0,27.0,16.0,20.0,22.0,14.0,15.0
82,"[0, 2, 4]","[1, 1, 1]",100.0,10.0,softmax,"[0.05, 1]","[0.3, 0.3]",,spectral bad rbf,[0 0 0 0 0 1 0 0 0 0 1 0 0 0 0 0 0 1 0 0],0.00997,-0.0342,0.01841,-0.01731,0.02358,0.01438,0.01786,37.0,39.0,37.0,36.0,37.0,37.0,37.0
83,"[0, 2, 4]","[1, 1, 1]",100.0,10.0,softmax,"[0.05, 1]","[0.3, 0.3]",,affinity bad rbf,[2 0 0 0 0 1 2 0 0 2 3 2 2 2 2 0 0 4 2 2],0.18178,0.04452,0.20141,0.07892,0.15468,0.26226,0.19459,18.0,21.0,17.0,21.0,24.0,18.0,17.0
84,"[0, 2, 4]","[1, 1, 1]",100.0,10.0,softmax,"[0.05, 1]","[0.3, 0.3]",,spectral bad edr,[0 0 0 0 0 1 0 0 0 0 0 0 0 0 0 0 0 0 0 0],0.03597,0.0,0.09698,0.0,0.18121,0.0519,0.08069,34.0,33.0,30.0,32.0,18.0,34.0,30.0
85,"[0, 2, 4]","[1, 1, 1]",100.0,10.0,softmax,"[0.05, 1]","[0.3, 0.3]",,affinity bad edr,[4 0 2 3 0 1 2 2 0 5 3 5 4 4 4 0 2 4 4 5],0.16825,0.00147,0.1564,0.05055,0.10078,0.24274,0.14242,20.0,31.0,25.0,24.0,30.0,20.0,26.0
86,"[0, 2, 4]","[1, 1, 1]",100.0,10.0,softmax,"[0.05, 1]","[0.3, 0.3]",,kmeans badset,[0 0 0 0 0 1 0 0 0 0 1 0 0 0 0 0 0 1 0 0],0.00997,-0.0342,0.01841,-0.01731,0.02358,0.01438,0.01786,37.0,39.0,37.0,36.0,37.0,37.0,37.0
87,"[0, 2, 4]","[1, 1, 1]",100.0,10.0,softmax,"[0.05, 1]","[0.3, 0.3]",,complete badset,[1 1 1 1 1 0 1 1 1 1 0 1 1 1 1 1 1 0 1 1],0.00997,-0.0342,0.01841,-0.01731,0.02358,0.01438,0.01786,37.0,39.0,37.0,36.0,37.0,37.0,37.0
88,"[0, 2, 4]","[1, 1, 1]",100.0,10.0,softmax,"[0.05, 1]","[0.3, 0.3]",,average badset,[1 1 1 1 1 0 1 1 1 1 0 1 1 1 1 1 1 0 1 1],0.00997,-0.0342,0.01841,-0.01731,0.02358,0.01438,0.01786,37.0,39.0,37.0,36.0,37.0,37.0,37.0
89,"[0, 2, 4]","[1, 1, 1]",100.0,10.0,softmax,"[0.05, 1]","[0.3, 0.3]",,ward badset,[0 0 0 0 0 1 0 0 0 0 1 0 0 0 0 0 0 1 0 0],0.00997,-0.0342,0.01841,-0.01731,0.02358,0.01438,0.01786,37.0,39.0,37.0,36.0,37.0,37.0,37.0
90,"[0, 2, 4]","[1, 1, 1]",100.0,10.0,softmax,"[0.05, 1]","[0.3, 0.3]",,spectral eblock warp,[1 1 1 1 1 1 0 1 1 0 0 0 0 0 0 0 1 1 0 0],0.19274,0.24873,0.27807,0.32444,0.27807,0.27807,0.27807,15.0,9.0,13.0,9.0,9.0,15.0,13.0
91,"[0, 2, 4]","[1, 1, 1]",100.0,10.0,softmax,"[0.05, 1]","[0.3, 0.3]",,affinity eblock warp,[3 3 3 0 0 1 2 3 0 2 2 2 2 2 2 2 3 2 2 2],0.30727,0.20719,0.35035,0.29471,0.27688,0.4433,0.34086,4.0,10.0,10.0,10.0,10.0,4.0,10.0
92,"[0, 2, 4]","[1, 1, 1]",100.0,10.0,softmax,"[0.05, 1]","[0.3, 0.3]",,PCA eblock euclid,[0 0 0 0 0 0 1 0 0 1 1 1 1 1 1 1 0 1 1 1],0.2754,0.37278,0.39876,0.46197,0.4002,0.39731,0.39875,6.0,2.0,4.0,2.0,3.0,6.0,4.0
93,"[0, 2, 4]","[1, 1, 1]",100.0,10.0,softmax,"[0.05, 1]","[0.3, 0.3]",,spectral eblock eucsim,[0 0 0 0 0 0 1 0 0 1 1 1 1 1 1 1 0 1 1 1],0.2754,0.37278,0.39876,0.46197,0.4002,0.39731,0.39875,6.0,2.0,4.0,2.0,3.0,6.0,4.0
94,"[0, 2, 4]","[1, 1, 1]",100.0,10.0,softmax,"[0.05, 1]","[0.3, 0.3]",,affinity eblock eucsim,[3 2 2 0 0 1 3 2 0 3 4 3 3 4 4 4 0 3 4 4],0.37274,0.18106,0.36818,0.18525,0.25208,0.53774,0.34326,1.0,12.0,9.0,15.0,12.0,1.0,9.0
95,"[0, 2, 4]","[1, 1, 1]",100.0,10.0,softmax,"[0.05, 1]","[0.3, 0.3]",,spectral eblock cosine,[1 0 0 1 0 0 1 0 1 1 0 1 1 0 0 0 1 1 0 0],0.00506,-0.03311,0.00733,-0.04442,0.00735,0.0073,0.00733,52.0,37.0,52.0,53.0,52.0,52.0,52.0
96,"[0, 2, 4]","[1, 1, 1]",100.0,10.0,softmax,"[0.05, 1]","[0.3, 0.3]",,affinity eblock cosine,[0 0 0 0 0 0 0 0 0 0 1 0 0 2 3 1 0 0 4 5],0.27436,0.1055,0.31723,0.17758,0.25425,0.39582,0.30962,11.0,19.0,11.0,16.0,11.0,11.0,11.0
97,"[0, 2, 4]","[1, 1, 1]",100.0,10.0,softmax,"[0.05, 1]","[0.3, 0.3]",,spectral eblock rbf,[1 1 1 1 1 1 0 1 1 0 0 0 0 0 0 0 1 0 0 0],0.2754,0.37278,0.39876,0.46197,0.4002,0.39731,0.39875,9.0,5.0,7.0,2.0,6.0,9.0,7.0
98,"[0, 2, 4]","[1, 1, 1]",100.0,10.0,softmax,"[0.05, 1]","[0.3, 0.3]",,affinity eblock rbf,[2 0 0 0 0 1 2 0 0 2 3 2 2 2 2 2 2 2 2 2],0.35575,0.29486,0.43447,0.33166,0.36779,0.51323,0.4285,2.0,8.0,2.0,7.0,8.0,2.0,2.0
99,"[0, 2, 4]","[1, 1, 1]",100.0,10.0,softmax,"[0.05, 1]","[0.3, 0.3]",,spectral eblock edr,[0 0 0 0 0 1 0 0 0 0 0 0 0 0 0 0 0 0 0 0],0.03597,0.0,0.09698,0.0,0.18121,0.0519,0.08069,34.0,33.0,30.0,32.0,18.0,34.0,30.0
100,"[0, 2, 4]","[1, 1, 1]",100.0,10.0,softmax,"[0.05, 1]","[0.3, 0.3]",,affinity eblock edr,[4 0 2 3 0 1 2 2 0 5 3 5 4 4 4 0 2 4 4 5],0.16825,0.00147,0.1564,0.05055,0.10078,0.24274,0.14242,20.0,31.0,25.0,24.0,30.0,20.0,26.0
101,"[0, 2, 4]","[1, 1, 1]",100.0,10.0,softmax,"[0.05, 1]","[0.3, 0.3]",,kmeans eblockset,[1 1 1 1 1 1 0 1 1 0 0 0 0 0 0 0 1 0 0 0],0.2754,0.37278,0.39876,0.46197,0.4002,0.39731,0.39875,9.0,5.0,7.0,2.0,6.0,9.0,7.0
102,"[0, 2, 4]","[1, 1, 1]",100.0,10.0,softmax,"[0.05, 1]","[0.3, 0.3]",,complete eblockset,[0 0 0 0 0 0 0 0 0 0 1 0 0 1 1 1 0 0 1 1],0.27436,0.3704,0.42163,0.3304,0.44913,0.39582,0.42079,11.0,7.0,3.0,8.0,2.0,11.0,3.0
103,"[0, 2, 4]","[1, 1, 1]",100.0,10.0,softmax,"[0.05, 1]","[0.3, 0.3]",,average eblockset,[0 1 1 1 1 1 0 1 1 0 0 0 0 0 0 0 0 0 0 0],0.34201,0.47249,0.51054,0.46434,0.52825,0.49342,0.51024,3.0,1.0,1.0,1.0,1.0,3.0,1.0
104,"[0, 2, 4]","[1, 1, 1]",100.0,10.0,softmax,"[0.05, 1]","[0.3, 0.3]",,ward eblockset,[0 0 0 0 0 0 1 0 0 1 1 1 1 1 1 1 0 1 1 1],0.2754,0.37278,0.39876,0.46197,0.4002,0.39731,0.39875,6.0,2.0,4.0,2.0,3.0,6.0,4.0
105,"[0, 2, 4]","[1, 1, 1]",100.0,10.0,softmax,"[0.05, 1]","[0.3, 0.3]",,levenstein,[0 0 0 0 0 0 0 0 0 1 0 1 0 1 1 0 0 0 1 1],0.10175,0.1109,0.15637,0.12115,0.16657,0.14679,0.15606,29.0,17.0,27.0,19.0,23.0,29.0,25.0
106,"[0, 2, 4]","[1, 1, 1]",100.0,10.0,softmax,"[0.01, 1]","[0.3, 0.3]",,spectral warp,[1 1 1 1 1 1 1 1 1 1 0 0 0 1 1 0 0 1 1 0],0.27436,0.3704,0.42163,0.3304,0.44913,0.39582,0.42079,21.0,14.0,19.0,16.0,14.0,21.0,19.0
107,"[0, 2, 4]","[1, 1, 1]",100.0,10.0,softmax,"[0.01, 1]","[0.3, 0.3]",,aff prop,[0 0 0 1 0 0 0 1 1 1 2 3 2 1 1 2 1 3 1 2],0.41589,0.27123,0.44155,0.22273,0.32495,0.6,0.42158,18.0,18.0,18.0,20.0,20.0,18.0,18.0
108,"[0, 2, 4]","[1, 1, 1]",100.0,10.0,softmax,"[0.01, 1]","[0.3, 0.3]",,pca,[0 0 0 0 0 0 0 0 0 0 1 0 1 1 0 1 1 0 0 1],0.27436,0.3704,0.42163,0.3304,0.44913,0.39582,0.42079,21.0,15.0,19.0,16.0,14.0,21.0,19.0
109,"[0, 2, 4]","[1, 1, 1]",100.0,10.0,softmax,"[0.01, 1]","[0.3, 0.3]",,spectral overlap,[0 0 0 0 0 0 0 0 0 0 1 0 0 0 0 0 0 0 0 0],0.03597,0.0,0.09698,0.0,0.18121,0.0519,0.08069,41.0,39.0,41.0,38.0,35.0,41.0,41.0
110,"[0, 2, 4]","[1, 1, 1]",100.0,10.0,softmax,"[0.01, 1]","[0.3, 0.3]",,km_choice,[1 0 0 1 1 0 0 0 1 1 0 1 1 0 1 1 0 1 1 1],0.02101,-0.00937,0.03076,-0.01109,0.03121,0.03031,0.03075,46.0,45.0,46.0,44.0,46.0,46.0,46.0
111,"[0, 2, 4]","[1, 1, 1]",100.0,10.0,softmax,"[0.01, 1]","[0.3, 0.3]",,km_ent,[0 0 0 0 0 0 0 0 0 0 1 1 1 1 0 1 1 1 0 1],0.42281,0.59403,0.61904,0.62084,0.62824,0.60999,0.61898,15.0,11.0,11.0,11.0,11.0,15.0,11.0
112,"[0, 2, 4]","[1, 1, 1]",100.0,10.0,softmax,"[0.01, 1]","[0.3, 0.3]",,km_con,[0 0 0 0 0 0 0 0 0 0 1 1 1 1 0 1 1 1 0 1],0.42281,0.59403,0.61904,0.62084,0.62824,0.60999,0.61898,15.0,11.0,11.0,11.0,11.0,15.0,11.0
113,"[0, 2, 4]","[1, 1, 1]",100.0,10.0,softmax,"[0.01, 1]","[0.3, 0.3]",,spect_cos_cat,[1 0 0 1 0 0 0 0 1 1 1 1 1 0 0 1 0 1 0 1],0.02014,-0.01041,0.02905,-0.01333,0.02905,0.02905,0.02905,47.0,46.0,47.0,45.0,47.0,47.0,47.0
114,"[0, 2, 4]","[1, 1, 1]",100.0,10.0,softmax,"[0.01, 1]","[0.3, 0.3]",,aff_cos_cat,[1 0 1 1 1 1 1 1 1 1 1 1 1 1 1 1 2 1 1 1],0.06931,-0.00425,0.13257,-0.00966,0.17575,0.1,0.12747,40.0,43.0,39.0,43.0,40.0,40.0,39.0
115,"[0, 2, 4]","[1, 1, 1]",100.0,10.0,softmax,"[0.01, 1]","[0.3, 0.3]",,spect_cos_ent,[0 0 0 0 0 0 0 0 0 0 0 0 0 1 0 0 1 0 0 0],0.07488,0.05993,0.15775,0.02146,0.23035,0.10803,0.14708,32.0,28.0,30.0,28.0,26.0,32.0,31.0
116,"[0, 2, 4]","[1, 1, 1]",100.0,10.0,softmax,"[0.01, 1]","[0.3, 0.3]",,aff_cos_ent,[0 0 0 0 0 0 0 0 0 0 1 0 2 3 0 4 3 0 0 5],0.27436,0.1055,0.31723,0.17758,0.25425,0.39582,0.30962,21.0,26.0,21.0,21.0,24.0,21.0,21.0
117,"[0, 2, 4]","[1, 1, 1]",100.0,10.0,softmax,"[0.01, 1]","[0.3, 0.3]",,spect_rbf,[0 0 0 0 0 0 0 0 0 0 1 1 1 1 1 1 1 1 0 1],0.5256,0.74844,0.76103,0.79956,0.7638,0.75828,0.76103,13.0,9.0,10.0,9.0,9.0,13.0,10.0
118,"[0, 2, 4]","[1, 1, 1]",100.0,10.0,softmax,"[0.01, 1]","[0.3, 0.3]",,spect_esk_sim,[0 0 0 0 0 0 0 0 0 0 1 0 0 1 0 0 1 0 0 0],0.11728,0.12825,0.21666,0.0649,0.27744,0.16919,0.2102,28.0,21.0,26.0,24.0,21.0,28.0,25.0
119,"[0, 2, 4]","[1, 1, 1]",100.0,10.0,softmax,"[0.01, 1]","[0.3, 0.3]",,aff_esk_sim,[2 0 4 2 2 4 4 2 2 2 1 2 2 3 4 2 5 2 4 2],0.14594,-0.02451,0.15527,-0.03831,0.1145,0.21055,0.14834,27.0,47.0,38.0,47.0,43.0,27.0,30.0
120,"[0, 2, 4]","[1, 1, 1]",100.0,10.0,softmax,"[0.01, 1]","[0.3, 0.3]",,spect_lin_sim,[0 1 1 0 0 1 1 0 0 0 1 0 0 1 0 0 1 0 0 0],0.00551,-0.03305,0.00822,-0.0398,0.00851,0.00795,0.00822,48.0,49.0,48.0,48.0,48.0,48.0,48.0
121,"[0, 2, 4]","[1, 1, 1]",100.0,10.0,softmax,"[0.01, 1]","[0.3, 0.3]",,aff_lin_sim,[1 2 2 1 1 3 2 1 1 1 0 1 1 2 3 1 0 1 3 1],0.10625,0.00724,0.11821,-0.0169,0.09116,0.15328,0.11433,31.0,38.0,40.0,46.0,44.0,31.0,40.0
122,"[0, 2, 4]","[1, 1, 1]",100.0,10.0,softmax,"[0.01, 1]","[0.3, 0.3]",,comp_hr_esk_dis,[0 0 0 0 0 0 0 0 0 0 1 0 0 0 0 0 1 0 0 0],0.07488,0.05993,0.15775,0.02146,0.23035,0.10803,0.14708,32.0,28.0,30.0,28.0,26.0,32.0,31.0
123,"[0, 2, 4]","[1, 1, 1]",100.0,10.0,softmax,"[0.01, 1]","[0.3, 0.3]",,avg_hr_esk_dis,[1 1 1 1 1 1 1 1 1 1 0 1 1 1 1 1 0 1 1 1],0.07488,0.05993,0.15775,0.02146,0.23035,0.10803,0.14708,32.0,28.0,30.0,28.0,26.0,32.0,31.0
124,"[0, 2, 4]","[1, 1, 1]",100.0,10.0,softmax,"[0.01, 1]","[0.3, 0.3]",,comp_hr_lin_din,[0 0 0 0 0 0 0 0 0 0 1 0 0 0 0 0 1 0 0 0],0.07488,0.05993,0.15775,0.02146,0.23035,0.10803,0.14708,32.0,28.0,30.0,28.0,26.0,32.0,31.0
125,"[0, 2, 4]","[1, 1, 1]",100.0,10.0,softmax,"[0.01, 1]","[0.3, 0.3]",,avg_hr_lin_dis,[0 0 0 0 0 0 0 0 0 0 1 0 0 0 0 0 1 0 0 0],0.07488,0.05993,0.15775,0.02146,0.23035,0.10803,0.14708,32.0,28.0,30.0,28.0,26.0,32.0,31.0
126,"[0, 2, 4]","[1, 1, 1]",100.0,10.0,softmax,"[0.01, 1]","[0.3, 0.3]",,spect_edr,[0 1 0 0 1 1 1 0 0 0 0 0 0 1 0 0 1 0 0 0],0.02416,-0.00575,0.03712,-0.00441,0.03955,0.03485,0.03705,45.0,44.0,45.0,42.0,45.0,45.0,45.0
127,"[0, 2, 4]","[1, 1, 1]",100.0,10.0,softmax,"[0.01, 1]","[0.3, 0.3]",,aff_edr,[1 0 1 1 0 0 0 1 1 2 3 4 3 0 1 3 0 4 1 3],0.2928,0.12475,0.29404,0.1004,0.20467,0.42242,0.27574,19.0,24.0,22.0,22.0,34.0,19.0,23.0
128,"[0, 2, 4]","[1, 1, 1]",100.0,10.0,softmax,"[0.01, 1]","[0.3, 0.3]",,spectral bad warp,[0 1 1 0 1 1 1 0 0 0 1 0 0 1 1 0 1 0 1 0],-0.0,-0.04064,-0.0,-0.05556,-0.0,-0.0,-0.0,53.0,51.0,53.0,53.0,53.0,53.0,53.0
129,"[0, 2, 4]","[1, 1, 1]",100.0,10.0,softmax,"[0.01, 1]","[0.3, 0.3]",,affinity bad warp,[0 0 0 3 0 0 0 0 3 3 1 3 3 2 2 3 2 3 2 3],0.42852,0.30073,0.46876,0.30028,0.35543,0.61823,0.45137,14.0,17.0,17.0,18.0,17.0,14.0,17.0
130,"[0, 2, 4]","[1, 1, 1]",100.0,10.0,softmax,"[0.01, 1]","[0.3, 0.3]",,PCA bad euclid,[0 0 0 0 0 0 0 0 0 0 1 0 0 0 0 0 1 0 0 0],0.07488,0.05993,0.15775,0.02146,0.23035,0.10803,0.14708,32.0,28.0,30.0,28.0,26.0,32.0,31.0
131,"[0, 2, 4]","[1, 1, 1]",100.0,10.0,softmax,"[0.01, 1]","[0.3, 0.3]",,spectral bad eucsim,[1 1 1 0 1 1 1 0 0 0 1 0 0 1 1 0 1 0 1 0],0.00506,-0.03311,0.00733,-0.04442,0.00735,0.0073,0.00733,50.0,50.0,50.0,50.0,50.0,50.0,50.0
132,"[0, 2, 4]","[1, 1, 1]",100.0,10.0,softmax,"[0.01, 1]","[0.3, 0.3]",,affinity bad eucsim,[0 0 1 0 0 1 1 0 0 0 2 0 5 3 4 5 6 5 4 5],0.54244,0.23209,0.50682,0.28261,0.32824,0.78257,0.46249,12.0,19.0,16.0,19.0,19.0,12.0,16.0
133,"[0, 2, 4]","[1, 1, 1]",100.0,10.0,softmax,"[0.01, 1]","[0.3, 0.3]",,spectral bad cosine,[0 1 1 1 0 1 1 0 1 0 1 0 1 1 0 1 1 0 0 1],0.0,-0.04091,0.0,-0.05322,0.0,0.0,0.0,52.0,52.0,52.0,52.0,52.0,52.0,52.0
134,"[0, 2, 4]","[1, 1, 1]",100.0,10.0,softmax,"[0.01, 1]","[0.3, 0.3]",,affinity bad cosine,[1 0 1 1 1 1 0 0 1 1 0 2 3 0 1 4 0 2 1 5],0.24684,0.06108,0.25056,0.09421,0.17629,0.35611,0.23584,24.0,27.0,24.0,23.0,39.0,24.0,24.0
135,"[0, 2, 4]","[1, 1, 1]",100.0,10.0,softmax,"[0.01, 1]","[0.3, 0.3]",,spectral bad rbf,[1 0 0 1 1 0 0 1 1 1 0 1 1 0 1 1 0 1 1 1],0.00551,-0.03305,0.00822,-0.0398,0.00851,0.00795,0.00822,48.0,48.0,48.0,48.0,48.0,48.0,48.0
136,"[0, 2, 4]","[1, 1, 1]",100.0,10.0,softmax,"[0.01, 1]","[0.3, 0.3]",,affinity bad rbf,[1 0 0 1 1 0 0 1 1 1 2 1 1 3 1 1 4 1 1 1],0.24453,0.11636,0.28646,0.04682,0.2326,0.35278,0.28036,25.0,25.0,23.0,27.0,25.0,25.0,22.0
137,"[0, 2, 4]","[1, 1, 1]",100.0,10.0,softmax,"[0.01, 1]","[0.3, 0.3]",,spectral bad edr,[0 0 0 0 0 0 0 0 0 0 1 0 0 0 0 0 0 0 0 0],0.03597,0.0,0.09698,0.0,0.18121,0.0519,0.08069,41.0,39.0,41.0,38.0,35.0,41.0,41.0
138,"[0, 2, 4]","[1, 1, 1]",100.0,10.0,softmax,"[0.01, 1]","[0.3, 0.3]",,affinity bad edr,[0 1 3 6 2 2 3 3 1 4 5 7 6 6 6 1 3 0 0 7],0.27726,0.0203,0.23709,0.01156,0.14053,0.4,0.20798,20.0,36.0,25.0,36.0,41.0,20.0,28.0
139,"[0, 2, 4]","[1, 1, 1]",100.0,10.0,softmax,"[0.01, 1]","[0.3, 0.3]",,kmeans badset,[0 0 0 0 0 0 0 0 0 0 1 0 0 0 0 0 1 0 0 0],0.07488,0.05993,0.15775,0.02146,0.23035,0.10803,0.14708,32.0,28.0,30.0,28.0,26.0,32.0,31.0
140,"[0, 2, 4]","[1, 1, 1]",100.0,10.0,softmax,"[0.01, 1]","[0.3, 0.3]",,complete badset,[1 1 1 1 1 1 1 1 1 1 0 1 1 0 1 1 0 1 1 1],0.11728,0.12825,0.21666,0.0649,0.27744,0.16919,0.2102,28.0,21.0,26.0,24.0,21.0,28.0,25.0
141,"[0, 2, 4]","[1, 1, 1]",100.0,10.0,softmax,"[0.01, 1]","[0.3, 0.3]",,average badset,[0 0 0 0 0 0 0 0 0 0 1 0 0 0 0 0 0 0 0 0],0.03597,0.0,0.09698,0.0,0.18121,0.0519,0.08069,41.0,39.0,41.0,38.0,35.0,41.0,41.0
142,"[0, 2, 4]","[1, 1, 1]",100.0,10.0,softmax,"[0.01, 1]","[0.3, 0.3]",,ward badset,[0 0 0 0 0 0 0 0 0 0 1 0 0 0 0 0 1 0 0 0],0.07488,0.05993,0.15775,0.02146,0.23035,0.10803,0.14708,32.0,28.0,30.0,28.0,26.0,32.0,31.0
143,"[0, 2, 4]","[1, 1, 1]",100.0,10.0,softmax,"[0.01, 1]","[0.3, 0.3]",,spectral eblock warp,[1 1 1 1 1 1 1 1 1 1 0 0 0 0 0 0 0 0 0 0],0.69315,1.0,1.0,1.0,1.0,1.0,1.0,2.0,1.0,1.0,1.0,1.0,2.0,1.0
144,"[0, 2, 4]","[1, 1, 1]",100.0,10.0,softmax,"[0.01, 1]","[0.3, 0.3]",,affinity eblock warp,[0 0 0 0 0 0 0 0 0 0 1 0 1 1 1 1 1 0 1 1],0.42281,0.59403,0.61904,0.62084,0.62824,0.60999,0.61898,15.0,11.0,11.0,11.0,11.0,15.0,11.0
145,"[0, 2, 4]","[1, 1, 1]",100.0,10.0,softmax,"[0.01, 1]","[0.3, 0.3]",,PCA eblock euclid,[0 0 0 0 0 0 0 0 0 0 1 1 1 1 1 1 1 1 1 1],0.69315,1.0,1.0,1.0,1.0,1.0,1.0,2.0,1.0,1.0,1.0,1.0,2.0,1.0
146,"[0, 2, 4]","[1, 1, 1]",100.0,10.0,softmax,"[0.01, 1]","[0.3, 0.3]",,spectral eblock eucsim,[0 0 0 0 0 0 0 0 0 0 1 1 1 1 1 1 1 1 1 1],0.69315,1.0,1.0,1.0,1.0,1.0,1.0,2.0,1.0,1.0,1.0,1.0,2.0,1.0
147,"[0, 2, 4]","[1, 1, 1]",100.0,10.0,softmax,"[0.01, 1]","[0.3, 0.3]",,affinity eblock eucsim,[0 0 0 1 1 1 1 1 1 4 2 3 2 2 4 2 2 3 4 2],0.59767,0.33601,0.58193,0.38008,0.39274,0.86226,0.53968,10.0,16.0,14.0,15.0,16.0,10.0,14.0
148,"[0, 2, 4]","[1, 1, 1]",100.0,10.0,softmax,"[0.01, 1]","[0.3, 0.3]",,spectral eblock cosine,[0 0 0 1 0 0 0 1 0 1 0 1 0 0 0 0 0 1 1 0],0.0,-0.04207,0.0,-0.04626,0.0,0.0,0.0,51.0,53.0,51.0,51.0,51.0,51.0,51.0
149,"[0, 2, 4]","[1, 1, 1]",100.0,10.0,softmax,"[0.01, 1]","[0.3, 0.3]",,affinity eblock cosine,[0 0 0 0 0 0 0 0 0 7 1 2 3 4 7 5 6 2 7 8],0.59767,0.21048,0.53915,0.41371,0.33712,0.86226,0.48472,10.0,20.0,15.0,14.0,18.0,10.0,15.0
150,"[0, 2, 4]","[1, 1, 1]",100.0,10.0,softmax,"[0.01, 1]","[0.3, 0.3]",,spectral eblock rbf,[0 0 0 0 0 0 0 0 0 0 1 1 1 1 1 1 1 1 1 1],0.69315,1.0,1.0,1.0,1.0,1.0,1.0,2.0,1.0,1.0,1.0,1.0,2.0,1.0
151,"[0, 2, 4]","[1, 1, 1]",100.0,10.0,softmax,"[0.01, 1]","[0.3, 0.3]",,affinity eblock rbf,[0 1 0 1 1 1 1 0 1 0 2 2 2 2 2 2 2 2 2 2],0.69315,0.65349,0.82048,0.74324,0.67319,1.0,0.80468,1.0,10.0,9.0,10.0,10.0,1.0,9.0
152,"[0, 2, 4]","[1, 1, 1]",100.0,10.0,softmax,"[0.01, 1]","[0.3, 0.3]",,spectral eblock edr,[0 0 0 0 0 0 0 0 1 0 0 0 0 0 0 0 0 0 0 0],0.03597,0.0,0.09698,0.0,0.18121,0.0519,0.08069,41.0,39.0,41.0,38.0,35.0,41.0,41.0
153,"[0, 2, 4]","[1, 1, 1]",100.0,10.0,softmax,"[0.01, 1]","[0.3, 0.3]",,affinity eblock edr,[0 1 3 4 2 2 3 3 1 6 4 6 5 5 5 1 3 0 0 6],0.22493,0.0116,0.19495,0.01156,0.11711,0.32451,0.17211,26.0,37.0,29.0,36.0,42.0,26.0,29.0
154,"[0, 2, 4]","[1, 1, 1]",100.0,10.0,softmax,"[0.01, 1]","[0.3, 0.3]",,kmeans eblockset,[0 0 0 0 0 0 0 0 0 0 1 1 1 1 1 1 1 1 1 1],0.69315,1.0,1.0,1.0,1.0,1.0,1.0,2.0,1.0,1.0,1.0,1.0,2.0,1.0
155,"[0, 2, 4]","[1, 1, 1]",100.0,10.0,softmax,"[0.01, 1]","[0.3, 0.3]",,complete eblockset,[0 0 0 0 0 0 0 0 0 0 1 1 1 1 1 1 1 1 1 1],0.69315,1.0,1.0,1.0,1.0,1.0,1.0,2.0,1.0,1.0,1.0,1.0,2.0,1.0
156,"[0, 2, 4]","[1, 1, 1]",100.0,10.0,softmax,"[0.01, 1]","[0.3, 0.3]",,average eblockset,[1 1 1 1 1 1 1 1 1 1 0 0 0 0 0 0 0 0 0 0],0.69315,1.0,1.0,1.0,1.0,1.0,1.0,2.0,1.0,1.0,1.0,1.0,2.0,1.0
157,"[0, 2, 4]","[1, 1, 1]",100.0,10.0,softmax,"[0.01, 1]","[0.3, 0.3]",,ward eblockset,[0 0 0 0 0 0 0 0 0 0 1 1 1 1 1 1 1 1 1 1],0.69315,1.0,1.0,1.0,1.0,1.0,1.0,2.0,1.0,1.0,1.0,1.0,2.0,1.0
158,"[0, 2, 4]","[1, 1, 1]",100.0,10.0,softmax,"[0.01, 1]","[0.3, 0.3]",,levenstein,[0 0 0 0 0 0 0 0 0 0 0 0 1 0 0 1 0 0 0 1],0.11728,0.12825,0.21666,0.0649,0.27744,0.16919,0.2102,28.0,21.0,26.0,24.0,21.0,28.0,25.0
159,"[0, 2, 4]","[1, 1, 1]",100.0,10.0,softmax,"[0.001, 1]","[0.3, 0.3]",,spectral warp,[0 0 0 0 0 0 0 0 0 0 1 1 1 1 1 1 1 1 1 1],0.69315,1.0,1.0,1.0,1.0,1.0,1.0,5.0,1.0,1.0,1.0,1.0,5.0,1.0
160,"[0, 2, 4]","[1, 1, 1]",100.0,10.0,softmax,"[0.001, 1]","[0.3, 0.3]",,aff prop,[0 0 0 0 0 0 0 0 0 0 1 2 2 1 2 2 1 1 1 2],0.69315,0.647,0.8165,0.73239,0.66667,1.0,0.8,1.0,24.0,21.0,24.0,25.0,1.0,21.0
161,"[0, 2, 4]","[1, 1, 1]",100.0,10.0,softmax,"[0.001, 1]","[0.3, 0.3]",,pca,[1 1 1 1 1 1 1 1 1 1 0 0 0 0 0 0 0 0 0 0],0.69315,1.0,1.0,1.0,1.0,1.0,1.0,5.0,1.0,1.0,1.0,1.0,5.0,1.0
162,"[0, 2, 4]","[1, 1, 1]",100.0,10.0,softmax,"[0.001, 1]","[0.3, 0.3]",,spectral overlap,[0 0 0 1 1 0 0 0 0 0 0 1 1 0 1 1 0 1 0 1],0.0863,0.08869,0.12636,0.1153,0.12824,0.12451,0.12635,51.0,50.0,51.0,48.0,52.0,51.0,51.0
163,"[0, 2, 4]","[1, 1, 1]",100.0,10.0,softmax,"[0.001, 1]","[0.3, 0.3]",,km_choice,[0 0 0 0 0 0 0 0 0 0 1 1 1 1 1 1 1 0 0 1],0.42281,0.59403,0.61904,0.62084,0.62824,0.60999,0.61898,29.0,25.0,28.0,26.0,26.0,29.0,27.0
164,"[0, 2, 4]","[1, 1, 1]",100.0,10.0,softmax,"[0.001, 1]","[0.3, 0.3]",,km_ent,[0 0 0 0 0 0 0 0 0 0 0 1 1 1 1 1 1 1 1 1],0.5256,0.74844,0.76103,0.79956,0.7638,0.75828,0.76103,25.0,21.0,22.0,21.0,20.0,25.0,22.0
165,"[0, 2, 4]","[1, 1, 1]",100.0,10.0,softmax,"[0.001, 1]","[0.3, 0.3]",,km_con,[0 0 0 0 0 0 0 0 0 0 1 1 1 1 1 1 1 1 1 1],0.69315,1.0,1.0,1.0,1.0,1.0,1.0,5.0,1.0,1.0,1.0,1.0,5.0,1.0
166,"[0, 2, 4]","[1, 1, 1]",100.0,10.0,softmax,"[0.001, 1]","[0.3, 0.3]",,spect_cos_cat,[0 0 1 0 0 1 1 1 0 0 0 0 0 0 0 0 0 0 0 0],0.1639,0.20158,0.27829,0.13072,0.32753,0.23645,0.27464,46.0,44.0,46.0,46.0,45.0,46.0,46.0
167,"[0, 2, 4]","[1, 1, 1]",100.0,10.0,softmax,"[0.001, 1]","[0.3, 0.3]",,aff_cos_cat,[0 1 4 2 3 4 4 4 4 4 4 4 4 4 4 4 4 4 4 4],0.1639,0.03152,0.22323,0.06557,0.21076,0.23645,0.22287,48.0,52.0,48.0,50.0,51.0,48.0,48.0
168,"[0, 2, 4]","[1, 1, 1]",100.0,10.0,softmax,"[0.001, 1]","[0.3, 0.3]",,spect_cos_ent,[0 0 0 0 0 0 0 0 0 0 1 0 1 0 0 1 0 0 0 0],0.11728,0.12825,0.21666,0.0649,0.27744,0.16919,0.2102,49.0,47.0,49.0,51.0,47.0,49.0,49.0
169,"[0, 2, 4]","[1, 1, 1]",100.0,10.0,softmax,"[0.001, 1]","[0.3, 0.3]",,aff_cos_ent,[0 0 0 0 0 0 0 0 0 0 0 1 3 0 2 3 0 4 5 6],0.34201,0.12125,0.36609,0.24595,0.27161,0.49342,0.35036,41.0,49.0,42.0,42.0,49.0,41.0,42.0
170,"[0, 2, 4]","[1, 1, 1]",100.0,10.0,softmax,"[0.001, 1]","[0.3, 0.3]",,spect_rbf,[1 1 1 1 1 1 1 1 1 1 0 0 0 0 0 0 0 0 0 0],0.69315,1.0,1.0,1.0,1.0,1.0,1.0,5.0,1.0,1.0,1.0,1.0,5.0,1.0
171,"[0, 2, 4]","[1, 1, 1]",100.0,10.0,softmax,"[0.001, 1]","[0.3, 0.3]",,spect_esk_sim,[0 0 0 0 0 0 0 0 0 0 1 1 1 1 1 1 1 0 0 1],0.42281,0.59403,0.61904,0.62084,0.62824,0.60999,0.61898,29.0,25.0,28.0,26.0,26.0,29.0,27.0
172,"[0, 2, 4]","[1, 1, 1]",100.0,10.0,softmax,"[0.001, 1]","[0.3, 0.3]",,aff_esk_sim,[0 0 2 0 0 1 2 1 0 2 2 2 2 2 2 2 2 0 2 2],0.22058,0.18819,0.27959,0.23661,0.24565,0.31823,0.27727,43.0,46.0,45.0,43.0,50.0,43.0,45.0
173,"[0, 2, 4]","[1, 1, 1]",100.0,10.0,softmax,"[0.001, 1]","[0.3, 0.3]",,spect_lin_sim,[0 0 0 0 0 0 0 0 0 0 1 1 1 1 1 1 1 0 0 1],0.42281,0.59403,0.61904,0.62084,0.62824,0.60999,0.61898,29.0,25.0,28.0,26.0,26.0,29.0,27.0
174,"[0, 2, 4]","[1, 1, 1]",100.0,10.0,softmax,"[0.001, 1]","[0.3, 0.3]",,aff_lin_sim,[0 0 1 0 0 1 1 1 0 2 3 3 3 3 3 3 3 2 2 3],0.59767,0.4118,0.62494,0.49175,0.45294,0.86226,0.5939,23.0,39.0,27.0,38.0,40.0,23.0,38.0
175,"[0, 2, 4]","[1, 1, 1]",100.0,10.0,softmax,"[0.001, 1]","[0.3, 0.3]",,comp_hr_esk_dis,[0 0 1 0 0 1 1 1 0 0 1 1 1 1 1 1 1 0 0 1],0.0863,0.08869,0.12636,0.1153,0.12824,0.12451,0.12635,51.0,51.0,51.0,48.0,52.0,51.0,51.0
176,"[0, 2, 4]","[1, 1, 1]",100.0,10.0,softmax,"[0.001, 1]","[0.3, 0.3]",,avg_hr_esk_dis,[0 1 0 1 0 0 0 0 0 1 0 0 0 0 0 0 0 0 0 0],0.11728,0.12825,0.21666,0.0649,0.27744,0.16919,0.2102,49.0,47.0,49.0,51.0,47.0,49.0,49.0
177,"[0, 2, 4]","[1, 1, 1]",100.0,10.0,softmax,"[0.001, 1]","[0.3, 0.3]",,comp_hr_lin_din,[0 0 0 0 0 0 0 0 0 0 1 1 1 1 1 1 1 0 0 1],0.42281,0.59403,0.61904,0.62084,0.62824,0.60999,0.61898,29.0,25.0,28.0,26.0,26.0,29.0,27.0
178,"[0, 2, 4]","[1, 1, 1]",100.0,10.0,softmax,"[0.001, 1]","[0.3, 0.3]",,avg_hr_lin_dis,[0 0 0 0 0 0 0 0 0 0 1 1 1 1 1 1 1 0 0 1],0.42281,0.59403,0.61904,0.62084,0.62824,0.60999,0.61898,29.0,25.0,28.0,26.0,26.0,29.0,27.0
179,"[0, 2, 4]","[1, 1, 1]",100.0,10.0,softmax,"[0.001, 1]","[0.3, 0.3]",,spect_edr,[0 0 0 0 0 0 0 0 0 0 1 1 1 1 1 1 1 1 1 1],0.69315,1.0,1.0,1.0,1.0,1.0,1.0,5.0,1.0,1.0,1.0,1.0,5.0,1.0
180,"[0, 2, 4]","[1, 1, 1]",100.0,10.0,softmax,"[0.001, 1]","[0.3, 0.3]",,aff_edr,[0 0 0 0 0 0 0 0 0 0 2 3 1 3 3 1 3 2 2 3],0.69315,0.53653,0.7575,0.66704,0.57381,1.0,0.7292,1.0,36.0,25.0,25.0,37.0,1.0,25.0
181,"[0, 2, 4]","[1, 1, 1]",100.0,10.0,softmax,"[0.001, 1]","[0.3, 0.3]",,spectral bad warp,[1 1 1 1 1 1 1 1 1 1 0 0 0 0 0 0 0 0 0 0],0.69315,1.0,1.0,1.0,1.0,1.0,1.0,5.0,1.0,1.0,1.0,1.0,5.0,1.0
182,"[0, 2, 4]","[1, 1, 1]",100.0,10.0,softmax,"[0.001, 1]","[0.3, 0.3]",,affinity bad warp,[0 0 0 0 0 0 0 0 0 0 1 1 1 1 1 1 1 1 1 1],0.69315,1.0,1.0,1.0,1.0,1.0,1.0,5.0,1.0,1.0,1.0,1.0,5.0,1.0
183,"[0, 2, 4]","[1, 1, 1]",100.0,10.0,softmax,"[0.001, 1]","[0.3, 0.3]",,PCA bad euclid,[0 0 0 0 0 0 0 0 0 0 1 1 1 1 1 1 1 0 0 1],0.42281,0.59403,0.61904,0.62084,0.62824,0.60999,0.61898,29.0,25.0,28.0,26.0,26.0,29.0,27.0
184,"[0, 2, 4]","[1, 1, 1]",100.0,10.0,softmax,"[0.001, 1]","[0.3, 0.3]",,spectral bad eucsim,[0 0 0 0 0 0 0 0 0 0 1 1 1 1 1 1 0 0 0 1],0.34201,0.47249,0.51054,0.46434,0.52825,0.49342,0.51024,42.0,37.0,40.0,40.0,38.0,42.0,40.0
185,"[0, 2, 4]","[1, 1, 1]",100.0,10.0,softmax,"[0.001, 1]","[0.3, 0.3]",,affinity bad eucsim,[0 0 0 0 0 0 0 0 0 0 2 2 2 2 2 2 2 1 1 2],0.69315,0.71583,0.85719,0.8296,0.73477,1.0,0.84711,1.0,23.0,19.0,19.0,23.0,1.0,19.0
186,"[0, 2, 4]","[1, 1, 1]",100.0,10.0,softmax,"[0.001, 1]","[0.3, 0.3]",,spectral bad cosine,[1 1 1 1 1 1 1 1 1 1 0 1 0 0 1 0 0 1 1 1],0.21576,0.28139,0.34559,0.21918,0.38369,0.31128,0.34371,44.0,42.0,43.0,44.0,42.0,44.0,43.0
187,"[0, 2, 4]","[1, 1, 1]",100.0,10.0,softmax,"[0.001, 1]","[0.3, 0.3]",,affinity bad cosine,[0 0 0 0 0 0 0 0 0 0 1 2 1 1 3 1 1 0 0 4],0.42281,0.29613,0.48368,0.42553,0.38353,0.60999,0.47095,40.0,41.0,41.0,41.0,44.0,40.0,41.0
188,"[0, 2, 4]","[1, 1, 1]",100.0,10.0,softmax,"[0.001, 1]","[0.3, 0.3]",,spectral bad rbf,[0 0 0 0 0 0 0 0 0 0 1 1 1 1 1 1 1 0 0 1],0.42281,0.59403,0.61904,0.62084,0.62824,0.60999,0.61898,29.0,25.0,28.0,26.0,26.0,29.0,27.0
189,"[0, 2, 4]","[1, 1, 1]",100.0,10.0,softmax,"[0.001, 1]","[0.3, 0.3]",,affinity bad rbf,[0 0 0 0 0 0 0 0 0 0 1 1 1 1 1 1 1 2 2 1],0.69315,0.71583,0.85719,0.8296,0.73477,1.0,0.84711,1.0,22.0,19.0,19.0,23.0,1.0,19.0
190,"[0, 2, 4]","[1, 1, 1]",100.0,10.0,softmax,"[0.001, 1]","[0.3, 0.3]",,spectral bad edr,[1 1 1 1 1 1 1 1 1 1 0 0 0 0 0 0 1 0 0 0],0.5256,0.74844,0.76103,0.79956,0.7638,0.75828,0.76103,25.0,19.0,22.0,21.0,20.0,25.0,22.0
191,"[0, 2, 4]","[1, 1, 1]",100.0,10.0,softmax,"[0.001, 1]","[0.3, 0.3]",,affinity bad edr,[0 0 0 0 0 0 0 0 0 0 0 0 0 0 0 0 0 0 0 0],0.0,0.0,0.0,0.0,1.0,0.0,0.0,53.0,53.0,53.0,53.0,1.0,53.0,53.0
192,"[0, 2, 4]","[1, 1, 1]",100.0,10.0,softmax,"[0.001, 1]","[0.3, 0.3]",,kmeans badset,[1 1 1 1 1 1 1 1 1 1 0 0 0 0 0 0 0 1 1 0],0.42281,0.59403,0.61904,0.62084,0.62824,0.60999,0.61898,29.0,35.0,28.0,26.0,26.0,29.0,27.0
193,"[0, 2, 4]","[1, 1, 1]",100.0,10.0,softmax,"[0.001, 1]","[0.3, 0.3]",,complete badset,[0 0 0 0 0 0 0 0 0 0 1 1 1 1 1 1 1 0 0 1],0.42281,0.59403,0.61904,0.62084,0.62824,0.60999,0.61898,29.0,25.0,28.0,26.0,26.0,29.0,27.0
194,"[0, 2, 4]","[1, 1, 1]",100.0,10.0,softmax,"[0.001, 1]","[0.3, 0.3]",,average badset,[0 0 0 0 0 0 0 0 0 0 1 1 1 1 1 1 1 0 0 1],0.42281,0.59403,0.61904,0.62084,0.62824,0.60999,0.61898,29.0,25.0,28.0,26.0,26.0,29.0,27.0
195,"[0, 2, 4]","[1, 1, 1]",100.0,10.0,softmax,"[0.001, 1]","[0.3, 0.3]",,ward badset,[0 0 0 0 0 0 0 0 0 0 1 1 1 1 1 1 1 0 0 1],0.42281,0.59403,0.61904,0.62084,0.62824,0.60999,0.61898,29.0,25.0,28.0,26.0,26.0,29.0,27.0
196,"[0, 2, 4]","[1, 1, 1]",100.0,10.0,softmax,"[0.001, 1]","[0.3, 0.3]",,spectral eblock warp,[1 1 1 1 1 1 1 1 1 1 0 0 0 0 0 0 0 0 0 0],0.69315,1.0,1.0,1.0,1.0,1.0,1.0,5.0,1.0,1.0,1.0,1.0,5.0,1.0
197,"[0, 2, 4]","[1, 1, 1]",100.0,10.0,softmax,"[0.001, 1]","[0.3, 0.3]",,affinity eblock warp,[0 0 0 0 0 0 0 0 0 0 1 1 1 1 1 1 1 1 1 1],0.69315,1.0,1.0,1.0,1.0,1.0,1.0,5.0,1.0,1.0,1.0,1.0,5.0,1.0
198,"[0, 2, 4]","[1, 1, 1]",100.0,10.0,softmax,"[0.001, 1]","[0.3, 0.3]",,PCA eblock euclid,[1 1 1 1 1 1 1 1 1 1 0 0 0 0 0 0 0 0 0 0],0.69315,1.0,1.0,1.0,1.0,1.0,1.0,5.0,1.0,1.0,1.0,1.0,5.0,1.0
199,"[0, 2, 4]","[1, 1, 1]",100.0,10.0,softmax,"[0.001, 1]","[0.3, 0.3]",,spectral eblock eucsim,[1 1 1 1 1 1 1 1 1 1 0 0 0 0 0 0 0 0 0 0],0.69315,1.0,1.0,1.0,1.0,1.0,1.0,5.0,1.0,1.0,1.0,1.0,5.0,1.0
200,"[0, 2, 4]","[1, 1, 1]",100.0,10.0,softmax,"[0.001, 1]","[0.3, 0.3]",,affinity eblock eucsim,[0 0 0 0 0 0 0 0 0 0 1 1 1 1 1 1 1 1 1 1],0.69315,1.0,1.0,1.0,1.0,1.0,1.0,5.0,1.0,1.0,1.0,1.0,5.0,1.0
201,"[0, 2, 4]","[1, 1, 1]",100.0,10.0,softmax,"[0.001, 1]","[0.3, 0.3]",,spectral eblock cosine,[0 0 0 0 0 0 0 0 0 0 1 0 1 0 0 1 0 1 0 0],0.1639,0.20158,0.27829,0.13072,0.32753,0.23645,0.27464,46.0,44.0,46.0,46.0,45.0,46.0,46.0
202,"[0, 2, 4]","[1, 1, 1]",100.0,10.0,softmax,"[0.001, 1]","[0.3, 0.3]",,affinity eblock cosine,[0 0 0 0 0 0 0 0 0 0 2 1 2 3 4 2 0 2 3 5],0.5256,0.30413,0.54735,0.48533,0.39509,0.75828,0.5195,28.0,40.0,39.0,39.0,41.0,28.0,39.0
203,"[0, 2, 4]","[1, 1, 1]",100.0,10.0,softmax,"[0.001, 1]","[0.3, 0.3]",,spectral eblock rbf,[1 1 1 1 1 1 1 1 1 1 0 0 0 0 0 0 0 0 0 0],0.69315,1.0,1.0,1.0,1.0,1.0,1.0,5.0,1.0,1.0,1.0,1.0,5.0,1.0
204,"[0, 2, 4]","[1, 1, 1]",100.0,10.0,softmax,"[0.001, 1]","[0.3, 0.3]",,affinity eblock rbf,[0 0 0 0 0 0 0 0 0 0 1 1 1 1 1 1 1 1 1 1],0.69315,1.0,1.0,1.0,1.0,1.0,1.0,5.0,1.0,1.0,1.0,1.0,5.0,1.0
205,"[0, 2, 4]","[1, 1, 1]",100.0,10.0,softmax,"[0.001, 1]","[0.3, 0.3]",,spectral eblock edr,[1 1 1 1 1 1 1 1 1 1 0 0 0 0 0 0 1 0 0 0],0.5256,0.74844,0.76103,0.79956,0.7638,0.75828,0.76103,25.0,19.0,22.0,21.0,20.0,25.0,22.0
206,"[0, 2, 4]","[1, 1, 1]",100.0,10.0,softmax,"[0.001, 1]","[0.3, 0.3]",,affinity eblock edr,[0 0 2 0 1 1 0 2 0 0 3 3 3 3 3 3 2 3 3 3],0.59767,0.4401,0.64588,0.58017,0.48381,0.86226,0.61983,24.0,38.0,26.0,37.0,39.0,24.0,26.0
207,"[0, 2, 4]","[1, 1, 1]",100.0,10.0,softmax,"[0.001, 1]","[0.3, 0.3]",,kmeans eblockset,[0 0 0 0 0 0 0 0 0 0 1 1 1 1 1 1 1 1 1 1],0.69315,1.0,1.0,1.0,1.0,1.0,1.0,5.0,1.0,1.0,1.0,1.0,5.0,1.0
208,"[0, 2, 4]","[1, 1, 1]",100.0,10.0,softmax,"[0.001, 1]","[0.3, 0.3]",,complete eblockset,[1 1 1 1 1 1 1 1 1 1 0 0 0 0 0 0 0 0 0 0],0.69315,1.0,1.0,1.0,1.0,1.0,1.0,5.0,1.0,1.0,1.0,1.0,5.0,1.0
209,"[0, 2, 4]","[1, 1, 1]",100.0,10.0,softmax,"[0.001, 1]","[0.3, 0.3]",,average eblockset,[1 1 1 1 1 1 1 1 1 1 0 0 0 0 0 0 0 0 0 0],0.69315,1.0,1.0,1.0,1.0,1.0,1.0,5.0,1.0,1.0,1.0,1.0,5.0,1.0
210,"[0, 2, 4]","[1, 1, 1]",100.0,10.0,softmax,"[0.001, 1]","[0.3, 0.3]",,ward eblockset,[1 1 1 1 1 1 1 1 1 1 0 0 0 0 0 0 0 0 0 0],0.69315,1.0,1.0,1.0,1.0,1.0,1.0,5.0,1.0,1.0,1.0,1.0,5.0,1.0
211,"[0, 2, 4]","[1, 1, 1]",100.0,10.0,softmax,"[0.001, 1]","[0.3, 0.3]",,levenstein,[1 1 1 1 1 1 1 1 1 1 1 0 0 1 0 0 1 1 1 0],0.21576,0.28139,0.34559,0.21918,0.38369,0.31128,0.34371,44.0,42.0,43.0,44.0,42.0,44.0,43.0
212,"[0, 2, 4]","[1, 1, 1]",100.0,10.0,softmax,"[0.0001, 1]","[0.3, 0.3]",,spectral warp,[0 0 0 0 0 0 0 0 0 0 1 1 1 1 1 1 1 1 1 1],0.69315,1.0,1.0,1.0,1.0,1.0,1.0,2.0,1.0,1.0,1.0,1.0,2.0,1.0
213,"[0, 2, 4]","[1, 1, 1]",100.0,10.0,softmax,"[0.0001, 1]","[0.3, 0.3]",,aff prop,[0 0 0 0 0 0 0 0 0 0 1 1 1 1 1 1 1 1 1 1],0.69315,1.0,1.0,1.0,1.0,1.0,1.0,2.0,1.0,1.0,1.0,1.0,2.0,1.0
214,"[0, 2, 4]","[1, 1, 1]",100.0,10.0,softmax,"[0.0001, 1]","[0.3, 0.3]",,pca,[1 1 1 1 1 1 1 1 1 1 0 0 0 0 0 0 0 0 0 0],0.69315,1.0,1.0,1.0,1.0,1.0,1.0,2.0,1.0,1.0,1.0,1.0,2.0,1.0
215,"[0, 2, 4]","[1, 1, 1]",100.0,10.0,softmax,"[0.0001, 1]","[0.3, 0.3]",,spectral overlap,[0 0 0 0 0 0 0 0 0 0 0 0 0 0 0 0 0 0 1 0],0.03597,0.0,0.09698,0.0,0.18121,0.0519,0.08069,51.0,51.0,51.0,51.0,51.0,51.0,51.0
216,"[0, 2, 4]","[1, 1, 1]",100.0,10.0,softmax,"[0.0001, 1]","[0.3, 0.3]",,km_choice,[1 1 1 1 1 1 1 1 1 1 0 0 0 0 0 0 0 0 1 0],0.5256,0.74844,0.76103,0.79956,0.7638,0.75828,0.76103,24.0,21.0,23.0,22.0,22.0,24.0,23.0
217,"[0, 2, 4]","[1, 1, 1]",100.0,10.0,softmax,"[0.0001, 1]","[0.3, 0.3]",,km_ent,[1 1 1 1 1 1 1 1 1 1 0 0 0 0 0 0 0 0 0 0],0.69315,1.0,1.0,1.0,1.0,1.0,1.0,2.0,1.0,1.0,1.0,1.0,2.0,1.0
218,"[0, 2, 4]","[1, 1, 1]",100.0,10.0,softmax,"[0.0001, 1]","[0.3, 0.3]",,km_con,[0 0 0 0 0 0 0 0 0 0 1 1 1 1 1 1 1 1 1 1],0.69315,1.0,1.0,1.0,1.0,1.0,1.0,2.0,1.0,1.0,1.0,1.0,2.0,1.0
219,"[0, 2, 4]","[1, 1, 1]",100.0,10.0,softmax,"[0.0001, 1]","[0.3, 0.3]",,spect_cos_cat,[0 1 1 0 1 0 0 1 0 0 0 0 0 0 0 0 0 0 0 0],0.1639,0.20158,0.27829,0.13072,0.32753,0.23645,0.27464,48.0,45.0,47.0,47.0,45.0,48.0,47.0
220,"[0, 2, 4]","[1, 1, 1]",100.0,10.0,softmax,"[0.0001, 1]","[0.3, 0.3]",,aff_cos_cat,[3 0 3 3 3 3 1 3 2 3 3 3 3 3 3 3 3 3 3 3],0.11728,0.01596,0.18378,0.0325,0.19962,0.16919,0.18315,49.0,50.0,49.0,50.0,50.0,49.0,49.0
221,"[0, 2, 4]","[1, 1, 1]",100.0,10.0,softmax,"[0.0001, 1]","[0.3, 0.3]",,spect_cos_ent,[0 0 0 0 0 0 0 0 0 0 1 0 1 0 1 0 1 1 0 0],0.21576,0.28139,0.34559,0.21918,0.38369,0.31128,0.34371,46.0,43.0,45.0,44.0,44.0,46.0,45.0
222,"[0, 2, 4]","[1, 1, 1]",100.0,10.0,softmax,"[0.0001, 1]","[0.3, 0.3]",,aff_cos_ent,[0 0 0 0 0 0 0 0 0 0 1 2 3 0 4 0 5 6 0 0],0.27436,0.06266,0.30751,0.16657,0.23891,0.39582,0.29797,45.0,47.0,46.0,46.0,48.0,45.0,46.0
223,"[0, 2, 4]","[1, 1, 1]",100.0,10.0,softmax,"[0.0001, 1]","[0.3, 0.3]",,spect_rbf,[1 1 1 1 1 1 1 1 1 1 0 0 0 0 0 0 0 0 0 0],0.69315,1.0,1.0,1.0,1.0,1.0,1.0,2.0,1.0,1.0,1.0,1.0,2.0,1.0
224,"[0, 2, 4]","[1, 1, 1]",100.0,10.0,softmax,"[0.0001, 1]","[0.3, 0.3]",,spect_esk_sim,[1 1 1 1 1 1 1 1 1 1 0 0 0 1 0 0 0 0 1 0],0.42281,0.59403,0.61904,0.62084,0.62824,0.60999,0.61898,32.0,29.0,32.0,31.0,30.0,32.0,32.0
225,"[0, 2, 4]","[1, 1, 1]",100.0,10.0,softmax,"[0.0001, 1]","[0.3, 0.3]",,aff_esk_sim,[1 1 0 2 0 2 1 0 1 2 2 2 2 3 2 2 2 2 3 3],0.38772,0.25573,0.41861,0.19355,0.31328,0.55935,0.40162,36.0,44.0,43.0,45.0,46.0,36.0,43.0
226,"[0, 2, 4]","[1, 1, 1]",100.0,10.0,softmax,"[0.0001, 1]","[0.3, 0.3]",,spect_lin_sim,[0 0 0 0 0 0 0 0 0 0 1 1 1 0 1 1 1 1 0 0],0.34201,0.47249,0.51054,0.46434,0.52825,0.49342,0.51024,38.0,37.0,36.0,36.0,36.0,38.0,36.0
227,"[0, 2, 4]","[1, 1, 1]",100.0,10.0,softmax,"[0.0001, 1]","[0.3, 0.3]",,aff_lin_sim,[1 1 1 0 0 0 1 0 1 1 2 2 2 2 2 2 2 2 1 2],0.54961,0.49617,0.64465,0.58206,0.52411,0.79291,0.63108,23.0,35.0,31.0,35.0,42.0,23.0,31.0
228,"[0, 2, 4]","[1, 1, 1]",100.0,10.0,softmax,"[0.0001, 1]","[0.3, 0.3]",,comp_hr_esk_dis,[0 1 0 0 1 0 0 1 1 0 0 0 0 0 0 0 0 0 1 0],0.06329,0.05187,0.10137,0.0526,0.11254,0.09131,0.10082,50.0,48.0,50.0,49.0,53.0,50.0,50.0
229,"[0, 2, 4]","[1, 1, 1]",100.0,10.0,softmax,"[0.0001, 1]","[0.3, 0.3]",,avg_hr_esk_dis,[1 0 0 0 0 0 0 0 0 0 0 0 0 0 0 0 0 0 0 0],0.03597,0.0,0.09698,0.0,0.18121,0.0519,0.08069,51.0,51.0,51.0,51.0,51.0,51.0,51.0
230,"[0, 2, 4]","[1, 1, 1]",100.0,10.0,softmax,"[0.0001, 1]","[0.3, 0.3]",,comp_hr_lin_din,[0 0 0 0 0 0 0 0 0 0 1 1 1 1 1 1 1 1 0 1],0.5256,0.74844,0.76103,0.79956,0.7638,0.75828,0.76103,24.0,25.0,23.0,22.0,22.0,24.0,23.0
231,"[0, 2, 4]","[1, 1, 1]",100.0,10.0,softmax,"[0.0001, 1]","[0.3, 0.3]",,avg_hr_lin_dis,[0 0 0 0 0 0 0 0 0 0 1 1 1 0 1 1 1 1 0 0],0.34201,0.47249,0.51054,0.46434,0.52825,0.49342,0.51024,38.0,37.0,36.0,36.0,36.0,38.0,36.0
232,"[0, 2, 4]","[1, 1, 1]",100.0,10.0,softmax,"[0.0001, 1]","[0.3, 0.3]",,spect_edr,[0 0 0 1 0 0 0 0 0 0 1 1 1 1 1 1 1 1 1 1],0.5256,0.74844,0.76103,0.79956,0.7638,0.75828,0.76103,24.0,21.0,23.0,22.0,22.0,24.0,23.0
233,"[0, 2, 4]","[1, 1, 1]",100.0,10.0,softmax,"[0.0001, 1]","[0.3, 0.3]",,aff_edr,[0 0 0 0 0 0 0 0 0 0 0 0 0 0 0 0 0 0 0 0],0.0,0.0,0.0,0.0,1.0,0.0,0.0,53.0,53.0,53.0,51.0,1.0,53.0,53.0
234,"[0, 2, 4]","[1, 1, 1]",100.0,10.0,softmax,"[0.0001, 1]","[0.3, 0.3]",,spectral bad warp,[1 1 1 1 1 1 1 1 1 1 0 0 0 1 0 0 0 0 1 0],0.42281,0.59403,0.61904,0.62084,0.62824,0.60999,0.61898,32.0,29.0,32.0,31.0,30.0,32.0,32.0
235,"[0, 2, 4]","[1, 1, 1]",100.0,10.0,softmax,"[0.0001, 1]","[0.3, 0.3]",,affinity bad warp,[0 0 0 0 0 0 0 0 0 0 1 1 1 1 1 1 1 1 1 1],0.69315,1.0,1.0,1.0,1.0,1.0,1.0,2.0,1.0,1.0,1.0,1.0,2.0,1.0
236,"[0, 2, 4]","[1, 1, 1]",100.0,10.0,softmax,"[0.0001, 1]","[0.3, 0.3]",,PCA bad euclid,[0 0 0 0 0 0 0 0 0 0 1 1 1 0 1 1 1 1 0 0],0.34201,0.47249,0.51054,0.46434,0.52825,0.49342,0.51024,38.0,37.0,36.0,36.0,36.0,38.0,36.0
237,"[0, 2, 4]","[1, 1, 1]",100.0,10.0,softmax,"[0.0001, 1]","[0.3, 0.3]",,spectral bad eucsim,[1 1 1 1 1 1 1 1 1 1 0 0 0 1 0 0 0 0 1 1],0.34201,0.47249,0.51054,0.46434,0.52825,0.49342,0.51024,38.0,36.0,36.0,36.0,36.0,38.0,36.0
238,"[0, 2, 4]","[1, 1, 1]",100.0,10.0,softmax,"[0.0001, 1]","[0.3, 0.3]",,affinity bad eucsim,[0 0 0 0 0 0 0 0 0 0 1 1 1 2 1 1 1 1 0 2],0.5256,0.53566,0.65587,0.64913,0.56729,0.75828,0.64902,30.0,33.0,29.0,29.0,34.0,30.0,29.0
239,"[0, 2, 4]","[1, 1, 1]",100.0,10.0,softmax,"[0.0001, 1]","[0.3, 0.3]",,spectral bad cosine,[0 0 0 0 0 0 0 0 0 0 1 1 1 1 1 1 1 1 0 1],0.5256,0.74844,0.76103,0.79956,0.7638,0.75828,0.76103,24.0,25.0,23.0,22.0,22.0,24.0,23.0
240,"[0, 2, 4]","[1, 1, 1]",100.0,10.0,softmax,"[0.0001, 1]","[0.3, 0.3]",,affinity bad cosine,[0 0 0 0 0 0 0 0 0 0 1 2 3 0 4 2 5 6 0 0],0.34201,0.12125,0.36609,0.24595,0.27161,0.49342,0.35036,37.0,46.0,44.0,43.0,47.0,37.0,44.0
241,"[0, 2, 4]","[1, 1, 1]",100.0,10.0,softmax,"[0.0001, 1]","[0.3, 0.3]",,spectral bad rbf,[1 1 1 1 1 1 1 1 1 1 0 0 0 1 0 0 0 0 1 0],0.42281,0.59403,0.61904,0.62084,0.62824,0.60999,0.61898,32.0,29.0,32.0,31.0,30.0,32.0,32.0
242,"[0, 2, 4]","[1, 1, 1]",100.0,10.0,softmax,"[0.0001, 1]","[0.3, 0.3]",,affinity bad rbf,[0 0 0 0 0 0 0 0 0 0 1 1 1 2 1 1 1 1 0 2],0.5256,0.53566,0.65587,0.64913,0.56729,0.75828,0.64902,30.0,33.0,29.0,29.0,34.0,30.0,29.0
243,"[0, 2, 4]","[1, 1, 1]",100.0,10.0,softmax,"[0.0001, 1]","[0.3, 0.3]",,spectral bad edr,[0 0 0 0 0 0 0 0 0 0 1 1 1 1 1 1 1 1 1 1],0.69315,1.0,1.0,1.0,1.0,1.0,1.0,2.0,1.0,1.0,1.0,1.0,2.0,1.0
244,"[0, 2, 4]","[1, 1, 1]",100.0,10.0,softmax,"[0.0001, 1]","[0.3, 0.3]",,affinity bad edr,[0 0 0 0 1 0 0 1 0 0 2 2 2 2 2 2 2 2 2 2],0.69315,0.71583,0.85719,0.8296,0.73477,1.0,0.84711,1.0,27.0,21.0,21.0,28.0,1.0,21.0
245,"[0, 2, 4]","[1, 1, 1]",100.0,10.0,softmax,"[0.0001, 1]","[0.3, 0.3]",,kmeans badset,[1 1 1 1 1 1 1 1 1 1 0 0 0 1 0 0 0 0 1 0],0.42281,0.59403,0.61904,0.62084,0.62824,0.60999,0.61898,32.0,29.0,32.0,31.0,30.0,32.0,32.0
246,"[0, 2, 4]","[1, 1, 1]",100.0,10.0,softmax,"[0.0001, 1]","[0.3, 0.3]",,complete badset,[1 1 1 1 1 1 1 1 1 1 0 0 0 0 0 0 0 0 1 0],0.5256,0.74844,0.76103,0.79956,0.7638,0.75828,0.76103,24.0,21.0,23.0,22.0,22.0,24.0,23.0
247,"[0, 2, 4]","[1, 1, 1]",100.0,10.0,softmax,"[0.0001, 1]","[0.3, 0.3]",,average badset,[0 0 0 0 0 0 0 0 0 0 1 1 1 0 1 1 1 1 0 0],0.34201,0.47249,0.51054,0.46434,0.52825,0.49342,0.51024,38.0,37.0,36.0,36.0,36.0,38.0,36.0
248,"[0, 2, 4]","[1, 1, 1]",100.0,10.0,softmax,"[0.0001, 1]","[0.3, 0.3]",,ward badset,[0 0 0 0 0 0 0 0 0 0 1 1 1 0 1 1 1 1 0 0],0.34201,0.47249,0.51054,0.46434,0.52825,0.49342,0.51024,38.0,37.0,36.0,36.0,36.0,38.0,36.0
249,"[0, 2, 4]","[1, 1, 1]",100.0,10.0,softmax,"[0.0001, 1]","[0.3, 0.3]",,spectral eblock warp,[1 1 1 1 1 1 1 1 1 1 0 0 0 0 0 0 0 0 0 0],0.69315,1.0,1.0,1.0,1.0,1.0,1.0,2.0,1.0,1.0,1.0,1.0,2.0,1.0
250,"[0, 2, 4]","[1, 1, 1]",100.0,10.0,softmax,"[0.0001, 1]","[0.3, 0.3]",,affinity eblock warp,[0 0 0 0 0 0 0 0 0 0 1 1 1 1 1 1 1 1 1 1],0.69315,1.0,1.0,1.0,1.0,1.0,1.0,2.0,1.0,1.0,1.0,1.0,2.0,1.0
251,"[0, 2, 4]","[1, 1, 1]",100.0,10.0,softmax,"[0.0001, 1]","[0.3, 0.3]",,PCA eblock euclid,[1 1 1 1 1 1 1 1 1 1 0 0 0 0 0 0 0 0 0 0],0.69315,1.0,1.0,1.0,1.0,1.0,1.0,2.0,1.0,1.0,1.0,1.0,2.0,1.0
252,"[0, 2, 4]","[1, 1, 1]",100.0,10.0,softmax,"[0.0001, 1]","[0.3, 0.3]",,spectral eblock eucsim,[0 0 0 0 0 0 0 0 0 0 1 1 1 1 1 1 1 1 1 1],0.69315,1.0,1.0,1.0,1.0,1.0,1.0,2.0,1.0,1.0,1.0,1.0,2.0,1.0
253,"[0, 2, 4]","[1, 1, 1]",100.0,10.0,softmax,"[0.0001, 1]","[0.3, 0.3]",,affinity eblock eucsim,[0 0 0 0 0 0 0 0 0 0 1 1 1 1 1 1 1 1 1 1],0.69315,1.0,1.0,1.0,1.0,1.0,1.0,2.0,1.0,1.0,1.0,1.0,2.0,1.0
254,"[0, 2, 4]","[1, 1, 1]",100.0,10.0,softmax,"[0.0001, 1]","[0.3, 0.3]",,spectral eblock cosine,[1 1 1 1 1 1 1 1 1 1 0 0 0 0 0 0 0 0 0 1],0.5256,0.74844,0.76103,0.79956,0.7638,0.75828,0.76103,24.0,21.0,23.0,22.0,22.0,24.0,23.0
255,"[0, 2, 4]","[1, 1, 1]",100.0,10.0,softmax,"[0.0001, 1]","[0.3, 0.3]",,affinity eblock cosine,[0 0 0 0 0 0 0 0 0 0 1 0 2 0 3 0 4 5 0 0],0.21576,0.04567,0.26386,0.11019,0.22366,0.31128,0.26029,47.0,49.0,48.0,48.0,49.0,47.0,48.0
256,"[0, 2, 4]","[1, 1, 1]",100.0,10.0,softmax,"[0.0001, 1]","[0.3, 0.3]",,spectral eblock rbf,[0 0 0 0 0 0 0 0 0 0 1 1 1 1 1 1 1 1 1 1],0.69315,1.0,1.0,1.0,1.0,1.0,1.0,2.0,1.0,1.0,1.0,1.0,2.0,1.0
257,"[0, 2, 4]","[1, 1, 1]",100.0,10.0,softmax,"[0.0001, 1]","[0.3, 0.3]",,affinity eblock rbf,[0 0 0 0 0 0 0 0 0 0 1 1 1 1 1 1 1 1 1 1],0.69315,1.0,1.0,1.0,1.0,1.0,1.0,2.0,1.0,1.0,1.0,1.0,2.0,1.0
258,"[0, 2, 4]","[1, 1, 1]",100.0,10.0,softmax,"[0.0001, 1]","[0.3, 0.3]",,spectral eblock edr,[1 1 1 1 1 1 1 1 1 1 0 0 0 0 0 0 0 0 0 0],0.69315,1.0,1.0,1.0,1.0,1.0,1.0,2.0,1.0,1.0,1.0,1.0,2.0,1.0
259,"[0, 2, 4]","[1, 1, 1]",100.0,10.0,softmax,"[0.0001, 1]","[0.3, 0.3]",,affinity eblock edr,[2 2 2 0 1 2 0 2 2 2 3 3 3 3 3 3 3 3 3 3],0.69315,0.59702,0.79596,0.75408,0.63356,1.0,0.77568,22.0,28.0,22.0,28.0,29.0,22.0,22.0
260,"[0, 2, 4]","[1, 1, 1]",100.0,10.0,softmax,"[0.0001, 1]","[0.3, 0.3]",,kmeans eblockset,[0 0 0 0 0 0 0 0 0 0 1 1 1 1 1 1 1 1 1 1],0.69315,1.0,1.0,1.0,1.0,1.0,1.0,2.0,1.0,1.0,1.0,1.0,2.0,1.0
261,"[0, 2, 4]","[1, 1, 1]",100.0,10.0,softmax,"[0.0001, 1]","[0.3, 0.3]",,complete eblockset,[1 1 1 1 1 1 1 1 1 1 0 0 0 0 0 0 0 0 0 0],0.69315,1.0,1.0,1.0,1.0,1.0,1.0,2.0,1.0,1.0,1.0,1.0,2.0,1.0
262,"[0, 2, 4]","[1, 1, 1]",100.0,10.0,softmax,"[0.0001, 1]","[0.3, 0.3]",,average eblockset,[1 1 1 1 1 1 1 1 1 1 0 0 0 0 0 0 0 0 0 0],0.69315,1.0,1.0,1.0,1.0,1.0,1.0,2.0,1.0,1.0,1.0,1.0,2.0,1.0
263,"[0, 2, 4]","[1, 1, 1]",100.0,10.0,softmax,"[0.0001, 1]","[0.3, 0.3]",,ward eblockset,[1 1 1 1 1 1 1 1 1 1 0 0 0 0 0 0 0 0 0 0],0.69315,1.0,1.0,1.0,1.0,1.0,1.0,2.0,1.0,1.0,1.0,1.0,2.0,1.0
264,"[0, 2, 4]","[1, 1, 1]",100.0,10.0,softmax,"[0.0001, 1]","[0.3, 0.3]",,levenstein,[1 1 1 1 1 1 1 1 1 1 0 0 0 1 0 1 0 0 1 1],0.27436,0.3704,0.42163,0.3304,0.44913,0.39582,0.42079,44.0,42.0,42.0,42.0,43.0,44.0,42.0
265,"[0, 2, 4]","[1, 1, 1]",100.0,10.0,softmax,"[1e-05, 1]","[0.3, 0.3]",,spectral warp,[1 1 1 1 1 1 1 1 1 1 0 0 0 0 0 0 0 0 0 0],0.69315,1.0,1.0,1.0,1.0,1.0,1.0,8.0,1.0,1.0,1.0,1.0,8.0,1.0
266,"[0, 2, 4]","[1, 1, 1]",100.0,10.0,softmax,"[1e-05, 1]","[0.3, 0.3]",,aff prop,[0 0 0 0 0 0 0 0 0 0 1 2 1 1 1 1 2 2 2 1],0.69315,0.65349,0.82048,0.74324,0.67319,1.0,0.80468,1.0,38.0,36.0,38.0,37.0,1.0,36.0
267,"[0, 2, 4]","[1, 1, 1]",100.0,10.0,softmax,"[1e-05, 1]","[0.3, 0.3]",,pca,[1 1 1 1 1 1 1 1 1 1 0 0 0 0 0 0 0 0 0 0],0.69315,1.0,1.0,1.0,1.0,1.0,1.0,8.0,1.0,1.0,1.0,1.0,8.0,1.0
268,"[0, 2, 4]","[1, 1, 1]",100.0,10.0,softmax,"[1e-05, 1]","[0.3, 0.3]",,spectral overlap,[0 0 0 1 1 0 1 0 0 0 0 1 0 0 1 1 1 1 1 0],0.0462,0.02866,0.0669,0.03998,0.06714,0.06665,0.0669,53.0,52.0,53.0,52.0,53.0,53.0,53.0
269,"[0, 2, 4]","[1, 1, 1]",100.0,10.0,softmax,"[1e-05, 1]","[0.3, 0.3]",,km_choice,[1 1 1 1 1 1 1 1 1 1 0 0 0 0 0 0 0 0 0 0],0.69315,1.0,1.0,1.0,1.0,1.0,1.0,8.0,1.0,1.0,1.0,1.0,8.0,1.0
270,"[0, 2, 4]","[1, 1, 1]",100.0,10.0,softmax,"[1e-05, 1]","[0.3, 0.3]",,km_ent,[0 0 0 0 0 0 0 0 0 0 1 1 1 1 1 1 1 1 1 1],0.69315,1.0,1.0,1.0,1.0,1.0,1.0,8.0,1.0,1.0,1.0,1.0,8.0,1.0
271,"[0, 2, 4]","[1, 1, 1]",100.0,10.0,softmax,"[1e-05, 1]","[0.3, 0.3]",,km_con,[0 0 0 0 0 0 0 0 0 0 1 1 1 1 1 1 1 1 1 1],0.69315,1.0,1.0,1.0,1.0,1.0,1.0,8.0,1.0,1.0,1.0,1.0,8.0,1.0
272,"[0, 2, 4]","[1, 1, 1]",100.0,10.0,softmax,"[1e-05, 1]","[0.3, 0.3]",,spect_cos_cat,[1 1 0 1 0 0 1 0 0 0 0 0 0 0 0 0 0 0 0 0],0.1639,0.20158,0.27829,0.13072,0.32753,0.23645,0.27464,48.0,47.0,48.0,48.0,47.0,48.0,48.0
273,"[0, 2, 4]","[1, 1, 1]",100.0,10.0,softmax,"[1e-05, 1]","[0.3, 0.3]",,aff_cos_cat,[0 3 1 3 3 3 2 3 3 3 3 3 3 3 3 3 3 3 3 3],0.11728,0.01596,0.18378,0.0325,0.19962,0.16919,0.18315,52.0,53.0,52.0,53.0,52.0,52.0,52.0
274,"[0, 2, 4]","[1, 1, 1]",100.0,10.0,softmax,"[1e-05, 1]","[0.3, 0.3]",,spect_cos_ent,[0 0 0 0 0 0 0 0 0 0 0 1 0 0 0 0 0 1 1 0],0.11728,0.12825,0.21666,0.0649,0.27744,0.16919,0.2102,50.0,50.0,50.0,50.0,50.0,50.0,50.0
275,"[0, 2, 4]","[1, 1, 1]",100.0,10.0,softmax,"[1e-05, 1]","[0.3, 0.3]",,aff_cos_ent,[0 0 0 0 0 0 0 0 0 0 1 2 0 3 0 3 4 2 5 0],0.34201,0.16128,0.3766,0.25698,0.28743,0.49342,0.36326,46.0,49.0,47.0,47.0,49.0,46.0,47.0
276,"[0, 2, 4]","[1, 1, 1]",100.0,10.0,softmax,"[1e-05, 1]","[0.3, 0.3]",,spect_rbf,[1 1 1 1 1 1 1 1 1 1 0 0 0 0 0 0 0 0 0 0],0.69315,1.0,1.0,1.0,1.0,1.0,1.0,8.0,1.0,1.0,1.0,1.0,8.0,1.0
277,"[0, 2, 4]","[1, 1, 1]",100.0,10.0,softmax,"[1e-05, 1]","[0.3, 0.3]",,spect_esk_sim,[0 0 0 0 0 0 0 0 0 0 1 1 1 1 1 1 1 1 1 1],0.69315,1.0,1.0,1.0,1.0,1.0,1.0,8.0,1.0,1.0,1.0,1.0,8.0,1.0
278,"[0, 2, 4]","[1, 1, 1]",100.0,10.0,softmax,"[1e-05, 1]","[0.3, 0.3]",,aff_esk_sim,[1 1 0 3 0 0 1 3 2 3 4 4 4 4 4 4 4 4 4 4],0.69315,0.45981,0.71653,0.61224,0.51342,1.0,0.67849,8.0,44.0,41.0,43.0,43.0,8.0,42.0
279,"[0, 2, 4]","[1, 1, 1]",100.0,10.0,softmax,"[1e-05, 1]","[0.3, 0.3]",,spect_lin_sim,[0 0 0 0 0 0 0 0 0 0 1 1 1 1 1 1 1 1 1 1],0.69315,1.0,1.0,1.0,1.0,1.0,1.0,8.0,1.0,1.0,1.0,1.0,8.0,1.0
280,"[0, 2, 4]","[1, 1, 1]",100.0,10.0,softmax,"[1e-05, 1]","[0.3, 0.3]",,aff_lin_sim,[1 1 0 1 0 0 1 0 1 1 2 3 2 2 2 2 3 3 3 2],0.69315,0.47265,0.7123,0.47945,0.50737,1.0,0.67319,1.0,43.0,43.0,45.0,45.0,1.0,44.0
281,"[0, 2, 4]","[1, 1, 1]",100.0,10.0,softmax,"[1e-05, 1]","[0.3, 0.3]",,comp_hr_esk_dis,[1 1 0 0 0 0 1 0 0 0 0 0 0 0 0 0 0 0 0 0],0.11728,0.12825,0.21666,0.0649,0.27744,0.16919,0.2102,50.0,50.0,50.0,50.0,50.0,50.0,50.0
282,"[0, 2, 4]","[1, 1, 1]",100.0,10.0,softmax,"[1e-05, 1]","[0.3, 0.3]",,avg_hr_esk_dis,[0 0 1 0 1 1 0 0 1 0 1 1 1 1 1 1 1 1 1 1],0.27436,0.3704,0.42163,0.3304,0.44913,0.39582,0.42079,47.0,46.0,46.0,46.0,46.0,47.0,46.0
283,"[0, 2, 4]","[1, 1, 1]",100.0,10.0,softmax,"[1e-05, 1]","[0.3, 0.3]",,comp_hr_lin_din,[0 0 0 0 0 0 0 0 0 0 1 1 1 1 1 1 1 1 1 1],0.69315,1.0,1.0,1.0,1.0,1.0,1.0,8.0,1.0,1.0,1.0,1.0,8.0,1.0
284,"[0, 2, 4]","[1, 1, 1]",100.0,10.0,softmax,"[1e-05, 1]","[0.3, 0.3]",,avg_hr_lin_dis,[0 0 0 0 0 0 0 0 0 0 1 1 1 1 1 1 1 1 1 1],0.69315,1.0,1.0,1.0,1.0,1.0,1.0,8.0,1.0,1.0,1.0,1.0,8.0,1.0
285,"[0, 2, 4]","[1, 1, 1]",100.0,10.0,softmax,"[1e-05, 1]","[0.3, 0.3]",,spect_edr,[1 1 1 1 1 1 1 1 1 1 0 0 0 0 0 0 0 0 0 0],0.69315,1.0,1.0,1.0,1.0,1.0,1.0,8.0,1.0,1.0,1.0,1.0,8.0,1.0
286,"[0, 2, 4]","[1, 1, 1]",100.0,10.0,softmax,"[1e-05, 1]","[0.3, 0.3]",,aff_edr,[0 0 0 0 0 0 0 0 0 0 1 2 1 4 4 4 3 2 3 4],0.69315,0.45502,0.71411,0.61224,0.50995,1.0,0.67546,1.0,45.0,42.0,43.0,44.0,1.0,43.0
287,"[0, 2, 4]","[1, 1, 1]",100.0,10.0,softmax,"[1e-05, 1]","[0.3, 0.3]",,spectral bad warp,[1 1 1 1 1 1 1 1 1 1 0 0 0 0 0 0 0 0 0 0],0.69315,1.0,1.0,1.0,1.0,1.0,1.0,8.0,1.0,1.0,1.0,1.0,8.0,1.0
288,"[0, 2, 4]","[1, 1, 1]",100.0,10.0,softmax,"[1e-05, 1]","[0.3, 0.3]",,affinity bad warp,[0 0 0 0 0 0 0 0 0 0 1 1 1 1 1 1 1 1 1 1],0.69315,1.0,1.0,1.0,1.0,1.0,1.0,8.0,1.0,1.0,1.0,1.0,8.0,1.0
289,"[0, 2, 4]","[1, 1, 1]",100.0,10.0,softmax,"[1e-05, 1]","[0.3, 0.3]",,PCA bad euclid,[1 1 1 1 1 1 1 1 1 1 0 0 0 0 0 0 0 0 0 0],0.69315,1.0,1.0,1.0,1.0,1.0,1.0,8.0,1.0,1.0,1.0,1.0,8.0,1.0
290,"[0, 2, 4]","[1, 1, 1]",100.0,10.0,softmax,"[1e-05, 1]","[0.3, 0.3]",,spectral bad eucsim,[0 0 0 0 0 0 0 0 0 0 1 1 1 1 1 1 1 1 1 1],0.69315,1.0,1.0,1.0,1.0,1.0,1.0,8.0,1.0,1.0,1.0,1.0,8.0,1.0
291,"[0, 2, 4]","[1, 1, 1]",100.0,10.0,softmax,"[1e-05, 1]","[0.3, 0.3]",,affinity bad eucsim,[0 0 0 0 0 0 0 0 0 0 1 3 1 2 2 2 3 3 3 2],0.69315,0.53085,0.75357,0.65611,0.56787,1.0,0.72438,1.0,42.0,40.0,41.0,42.0,1.0,40.0
292,"[0, 2, 4]","[1, 1, 1]",100.0,10.0,softmax,"[1e-05, 1]","[0.3, 0.3]",,spectral bad cosine,[0 0 0 0 0 0 0 0 0 0 1 1 1 1 1 1 1 1 1 1],0.69315,1.0,1.0,1.0,1.0,1.0,1.0,8.0,1.0,1.0,1.0,1.0,8.0,1.0
293,"[0, 2, 4]","[1, 1, 1]",100.0,10.0,softmax,"[1e-05, 1]","[0.3, 0.3]",,affinity bad cosine,[0 0 0 0 0 0 0 0 0 0 1 3 1 3 3 3 2 3 3 3],0.69315,0.59702,0.79596,0.75408,0.63356,1.0,0.77568,8.0,39.0,38.0,37.0,39.0,8.0,38.0
294,"[0, 2, 4]","[1, 1, 1]",100.0,10.0,softmax,"[1e-05, 1]","[0.3, 0.3]",,spectral bad rbf,[1 1 1 1 1 1 1 1 1 1 0 0 0 0 0 0 0 0 0 0],0.69315,1.0,1.0,1.0,1.0,1.0,1.0,8.0,1.0,1.0,1.0,1.0,8.0,1.0
295,"[0, 2, 4]","[1, 1, 1]",100.0,10.0,softmax,"[1e-05, 1]","[0.3, 0.3]",,affinity bad rbf,[0 0 0 0 0 0 0 0 0 0 1 2 1 2 2 2 2 2 2 2],0.69315,0.71583,0.85719,0.8296,0.73477,1.0,0.84711,1.0,36.0,35.0,35.0,36.0,1.0,35.0
296,"[0, 2, 4]","[1, 1, 1]",100.0,10.0,softmax,"[1e-05, 1]","[0.3, 0.3]",,spectral bad edr,[1 1 1 1 1 1 1 1 1 1 0 0 0 0 0 0 0 0 0 0],0.69315,1.0,1.0,1.0,1.0,1.0,1.0,8.0,1.0,1.0,1.0,1.0,8.0,1.0
297,"[0, 2, 4]","[1, 1, 1]",100.0,10.0,softmax,"[1e-05, 1]","[0.3, 0.3]",,affinity bad edr,[0 0 0 0 0 0 0 0 1 0 1 1 1 1 1 1 1 1 1 1],0.5256,0.74844,0.76103,0.79956,0.7638,0.75828,0.76103,43.0,35.0,39.0,36.0,35.0,43.0,39.0
298,"[0, 2, 4]","[1, 1, 1]",100.0,10.0,softmax,"[1e-05, 1]","[0.3, 0.3]",,kmeans badset,[0 0 0 0 0 0 0 0 0 0 1 1 1 1 1 1 1 1 1 1],0.69315,1.0,1.0,1.0,1.0,1.0,1.0,8.0,1.0,1.0,1.0,1.0,8.0,1.0
299,"[0, 2, 4]","[1, 1, 1]",100.0,10.0,softmax,"[1e-05, 1]","[0.3, 0.3]",,complete badset,[1 1 1 1 1 1 1 1 1 1 0 0 0 0 0 0 0 0 0 0],0.69315,1.0,1.0,1.0,1.0,1.0,1.0,8.0,1.0,1.0,1.0,1.0,8.0,1.0
300,"[0, 2, 4]","[1, 1, 1]",100.0,10.0,softmax,"[1e-05, 1]","[0.3, 0.3]",,average badset,[1 1 1 1 1 1 1 1 1 1 0 0 0 0 0 0 0 0 0 0],0.69315,1.0,1.0,1.0,1.0,1.0,1.0,8.0,1.0,1.0,1.0,1.0,8.0,1.0
301,"[0, 2, 4]","[1, 1, 1]",100.0,10.0,softmax,"[1e-05, 1]","[0.3, 0.3]",,ward badset,[1 1 1 1 1 1 1 1 1 1 0 0 0 0 0 0 0 0 0 0],0.69315,1.0,1.0,1.0,1.0,1.0,1.0,8.0,1.0,1.0,1.0,1.0,8.0,1.0
302,"[0, 2, 4]","[1, 1, 1]",100.0,10.0,softmax,"[1e-05, 1]","[0.3, 0.3]",,spectral eblock warp,[1 1 1 1 1 1 1 1 1 1 0 0 0 0 0 0 0 0 0 0],0.69315,1.0,1.0,1.0,1.0,1.0,1.0,8.0,1.0,1.0,1.0,1.0,8.0,1.0
303,"[0, 2, 4]","[1, 1, 1]",100.0,10.0,softmax,"[1e-05, 1]","[0.3, 0.3]",,affinity eblock warp,[0 0 0 0 0 0 0 0 0 0 1 1 1 1 1 1 1 1 1 1],0.69315,1.0,1.0,1.0,1.0,1.0,1.0,8.0,1.0,1.0,1.0,1.0,8.0,1.0
304,"[0, 2, 4]","[1, 1, 1]",100.0,10.0,softmax,"[1e-05, 1]","[0.3, 0.3]",,PCA eblock euclid,[1 1 1 1 1 1 1 1 1 1 0 0 0 0 0 0 0 0 0 0],0.69315,1.0,1.0,1.0,1.0,1.0,1.0,8.0,1.0,1.0,1.0,1.0,8.0,1.0
305,"[0, 2, 4]","[1, 1, 1]",100.0,10.0,softmax,"[1e-05, 1]","[0.3, 0.3]",,spectral eblock eucsim,[1 1 1 1 1 1 1 1 1 1 0 0 0 0 0 0 0 0 0 0],0.69315,1.0,1.0,1.0,1.0,1.0,1.0,8.0,1.0,1.0,1.0,1.0,8.0,1.0
306,"[0, 2, 4]","[1, 1, 1]",100.0,10.0,softmax,"[1e-05, 1]","[0.3, 0.3]",,affinity eblock eucsim,[0 0 0 0 0 0 0 0 0 0 2 1 1 2 2 2 2 1 1 2],0.69315,0.65349,0.82048,0.74324,0.67319,1.0,0.80468,6.0,37.0,37.0,38.0,38.0,1.0,36.0
307,"[0, 2, 4]","[1, 1, 1]",100.0,10.0,softmax,"[1e-05, 1]","[0.3, 0.3]",,spectral eblock cosine,[1 1 1 1 1 1 1 1 1 1 1 0 0 1 1 1 1 0 0 1],0.1639,0.20158,0.27829,0.13072,0.32753,0.23645,0.27464,48.0,48.0,48.0,48.0,47.0,48.0,48.0
308,"[0, 2, 4]","[1, 1, 1]",100.0,10.0,softmax,"[1e-05, 1]","[0.3, 0.3]",,affinity eblock cosine,[0 0 0 0 0 0 0 0 0 0 2 2 0 2 2 2 1 2 2 2],0.5256,0.59132,0.68673,0.71389,0.62193,0.75828,0.68337,43.0,41.0,44.0,40.0,41.0,43.0,41.0
309,"[0, 2, 4]","[1, 1, 1]",100.0,10.0,softmax,"[1e-05, 1]","[0.3, 0.3]",,spectral eblock rbf,[0 0 0 0 0 0 0 0 0 0 1 1 1 1 1 1 1 1 1 1],0.69315,1.0,1.0,1.0,1.0,1.0,1.0,8.0,1.0,1.0,1.0,1.0,8.0,1.0
310,"[0, 2, 4]","[1, 1, 1]",100.0,10.0,softmax,"[1e-05, 1]","[0.3, 0.3]",,affinity eblock rbf,[0 0 0 0 0 0 0 0 0 0 1 1 1 1 1 1 1 1 1 1],0.69315,1.0,1.0,1.0,1.0,1.0,1.0,8.0,1.0,1.0,1.0,1.0,8.0,1.0
311,"[0, 2, 4]","[1, 1, 1]",100.0,10.0,softmax,"[1e-05, 1]","[0.3, 0.3]",,spectral eblock edr,[0 0 0 0 0 0 0 0 0 0 1 1 1 1 1 1 1 1 1 1],0.69315,1.0,1.0,1.0,1.0,1.0,1.0,8.0,1.0,1.0,1.0,1.0,8.0,1.0
312,"[0, 2, 4]","[1, 1, 1]",100.0,10.0,softmax,"[1e-05, 1]","[0.3, 0.3]",,affinity eblock edr,[0 0 0 0 0 0 0 0 1 0 2 2 2 2 2 2 2 2 2 2],0.69315,0.7949,0.90003,0.90452,0.81005,1.0,0.89506,6.0,34.0,34.0,34.0,34.0,1.0,34.0
313,"[0, 2, 4]","[1, 1, 1]",100.0,10.0,softmax,"[1e-05, 1]","[0.3, 0.3]",,kmeans eblockset,[1 1 1 1 1 1 1 1 1 1 0 0 0 0 0 0 0 0 0 0],0.69315,1.0,1.0,1.0,1.0,1.0,1.0,8.0,1.0,1.0,1.0,1.0,8.0,1.0
314,"[0, 2, 4]","[1, 1, 1]",100.0,10.0,softmax,"[1e-05, 1]","[0.3, 0.3]",,complete eblockset,[1 1 1 1 1 1 1 1 1 1 0 0 0 0 0 0 0 0 0 0],0.69315,1.0,1.0,1.0,1.0,1.0,1.0,8.0,1.0,1.0,1.0,1.0,8.0,1.0
315,"[0, 2, 4]","[1, 1, 1]",100.0,10.0,softmax,"[1e-05, 1]","[0.3, 0.3]",,average eblockset,[1 1 1 1 1 1 1 1 1 1 0 0 0 0 0 0 0 0 0 0],0.69315,1.0,1.0,1.0,1.0,1.0,1.0,8.0,1.0,1.0,1.0,1.0,8.0,1.0
316,"[0, 2, 4]","[1, 1, 1]",100.0,10.0,softmax,"[1e-05, 1]","[0.3, 0.3]",,ward eblockset,[1 1 1 1 1 1 1 1 1 1 0 0 0 0 0 0 0 0 0 0],0.69315,1.0,1.0,1.0,1.0,1.0,1.0,8.0,1.0,1.0,1.0,1.0,8.0,1.0
317,"[0, 2, 4]","[1, 1, 1]",100.0,10.0,softmax,"[1e-05, 1]","[0.3, 0.3]",,levenstein,[0 0 0 0 0 0 0 0 0 0 0 1 0 1 1 1 1 1 1 1],0.42281,0.59403,0.61904,0.62084,0.62824,0.60999,0.61898,45.0,40.0,45.0,42.0,40.0,45.0,45.0
