,mu,sigma,trials,cluster size,decision,alpha,tau,epsilon,clustering,MI-M,ADMI-M,NMI-M,ARI-M,CO-M,HO-M,VM-M,MI-S,ADMI-S,NMI-S,ARI-S,CO-S,HO-S,VM-S,MI-MR,ADMI-MR,NMI-MR,ARI-MR,CO-MR,HO-MR,VM-MR
0,"[0, 1, 2]","[1, 1, 1]",100.0,10.0,softmax,"[0.1, 0.3]","[0.1, 0.1]",,spectral warp,0.0241,-0.00489,0.03548,-0.00619,0.03627,0.03476,0.03545,0.0452,0.06785,0.06568,0.08809,0.0663,0.06521,0.06566,53.0,53.0,53.0,53.0,53.0,53.0,53.0
1,"[0, 1, 2]","[1, 1, 1]",100.0,10.0,softmax,"[0.1, 0.3]","[0.1, 0.1]",,aff prop,0.11297,0.03002,0.12547,0.02699,0.10425,0.16298,0.11838,0.14408,0.08084,0.12712,0.08098,0.0946,0.20787,0.11509,15.0,24.0,16.0,22.0,24.0,15.0,16.0
2,"[0, 1, 2]","[1, 1, 1]",100.0,10.0,softmax,"[0.1, 0.3]","[0.1, 0.1]",,pca,0.03175,0.00386,0.05263,0.00262,0.06155,0.0458,0.05164,0.03735,0.05567,0.06453,0.05344,0.08078,0.05388,0.06279,50.0,50.0,49.0,50.0,47.0,50.0,50.0
3,"[0, 1, 2]","[1, 1, 1]",100.0,10.0,softmax,"[0.1, 0.3]","[0.1, 0.1]",,spectral overlap,0.04543,0.01958,0.09228,0.01662,0.13778,0.06554,0.0843,0.03818,0.0581,0.06375,0.05849,0.08826,0.05508,0.06189,39.0,37.0,23.0,38.0,12.0,39.0,28.0
4,"[0, 1, 2]","[1, 1, 1]",100.0,10.0,softmax,"[0.1, 0.3]","[0.1, 0.1]",,km_choice,0.04763,0.02657,0.07974,0.02424,0.09353,0.06871,0.07842,0.04312,0.06528,0.07451,0.05094,0.09183,0.06221,0.07289,35.0,27.0,35.0,27.0,35.0,35.0,36.0
5,"[0, 1, 2]","[1, 1, 1]",100.0,10.0,softmax,"[0.1, 0.3]","[0.1, 0.1]",,km_ent,0.02734,-0.00253,0.04383,4e-05,0.04958,0.03945,0.04318,0.02911,0.04412,0.04892,0.0445,0.06072,0.04199,0.04762,51.0,51.0,51.0,51.0,51.0,51.0,51.0
6,"[0, 1, 2]","[1, 1, 1]",100.0,10.0,softmax,"[0.1, 0.3]","[0.1, 0.1]",,km_con,0.05015,0.03201,0.08046,0.03071,0.0901,0.07235,0.07972,0.05543,0.08323,0.08827,0.08618,0.09971,0.07998,0.08737,30.0,19.0,34.0,17.0,41.0,30.0,33.0
7,"[0, 1, 2]","[1, 1, 1]",100.0,10.0,softmax,"[0.1, 0.3]","[0.1, 0.1]",,spect_cos_cat,0.05303,0.03368,0.09672,0.01642,0.12462,0.07651,0.09318,0.05333,0.07919,0.09535,0.05392,0.12188,0.07693,0.09283,24.0,16.0,21.0,39.0,19.0,24.0,21.0
8,"[0, 1, 2]","[1, 1, 1]",100.0,10.0,softmax,"[0.1, 0.3]","[0.1, 0.1]",,aff_cos_cat,0.21346,0.00784,0.21727,0.005,0.15696,0.30796,0.20388,0.12172,0.03406,0.07943,0.03521,0.04153,0.1756,0.0623,6.0,47.0,5.0,49.0,10.0,6.0,4.0
9,"[0, 1, 2]","[1, 1, 1]",100.0,10.0,softmax,"[0.1, 0.3]","[0.1, 0.1]",,spect_cos_ent,0.07542,0.07126,0.11683,0.07169,0.12612,0.10881,0.1162,0.06854,0.10268,0.10805,0.10382,0.11977,0.09889,0.10737,17.0,3.0,17.0,1.0,18.0,17.0,17.0
10,"[0, 1, 2]","[1, 1, 1]",100.0,10.0,softmax,"[0.1, 0.3]","[0.1, 0.1]",,aff_cos_ent,0.23742,0.07187,0.2493,0.05524,0.18305,0.34252,0.23666,0.11206,0.0922,0.10867,0.07499,0.07739,0.16168,0.10155,4.0,2.0,3.0,6.0,5.0,4.0,2.0
11,"[0, 1, 2]","[1, 1, 1]",100.0,10.0,softmax,"[0.1, 0.3]","[0.1, 0.1]",,spect_rbf,0.02493,-0.00415,0.0377,-0.0049,0.03962,0.03596,0.03761,0.02697,0.04039,0.04135,0.04717,0.04412,0.03892,0.04124,52.0,52.0,52.0,52.0,52.0,52.0,52.0
12,"[0, 1, 2]","[1, 1, 1]",100.0,10.0,softmax,"[0.1, 0.3]","[0.1, 0.1]",,spect_esk_sim,0.04721,0.02568,0.07883,0.02497,0.0923,0.06811,0.07751,0.04826,0.07325,0.08091,0.06384,0.09722,0.06962,0.07942,36.0,28.0,37.0,26.0,36.0,36.0,38.0
13,"[0, 1, 2]","[1, 1, 1]",100.0,10.0,softmax,"[0.1, 0.3]","[0.1, 0.1]",,aff_esk_sim,0.15879,0.01857,0.17553,0.01627,0.13589,0.22908,0.16897,0.07351,0.05522,0.07483,0.05989,0.05506,0.10605,0.07134,9.0,38.0,8.0,41.0,13.0,9.0,8.0
14,"[0, 1, 2]","[1, 1, 1]",100.0,10.0,softmax,"[0.1, 0.3]","[0.1, 0.1]",,spect_lin_sim,0.0463,0.02545,0.07529,0.02636,0.08586,0.0668,0.0743,0.0541,0.0816,0.08527,0.08577,0.09642,0.07806,0.08435,38.0,30.0,43.0,24.0,44.0,38.0,42.0
15,"[0, 1, 2]","[1, 1, 1]",100.0,10.0,softmax,"[0.1, 0.3]","[0.1, 0.1]",,aff_lin_sim,0.14953,0.04076,0.16949,0.02863,0.13454,0.21572,0.16412,0.07293,0.05819,0.07433,0.05866,0.05502,0.10522,0.07078,11.0,10.0,9.0,19.0,15.0,11.0,9.0
16,"[0, 1, 2]","[1, 1, 1]",100.0,10.0,softmax,"[0.1, 0.3]","[0.1, 0.1]",,comp_hr_esk_dis,0.04276,0.018,0.07451,0.01477,0.09122,0.06169,0.07267,0.04318,0.06533,0.07696,0.04677,0.09818,0.0623,0.07474,44.0,40.0,44.0,42.0,38.0,44.0,44.0
17,"[0, 1, 2]","[1, 1, 1]",100.0,10.0,softmax,"[0.1, 0.3]","[0.1, 0.1]",,avg_hr_esk_dis,0.04276,0.018,0.07451,0.01477,0.09122,0.06169,0.07267,0.04318,0.06533,0.07696,0.04677,0.09818,0.0623,0.07474,44.0,40.0,44.0,42.0,38.0,44.0,44.0
18,"[0, 1, 2]","[1, 1, 1]",100.0,10.0,softmax,"[0.1, 0.3]","[0.1, 0.1]",,comp_hr_lin_din,0.04994,0.03047,0.08263,0.02851,0.09594,0.07204,0.08133,0.05665,0.08535,0.09126,0.08657,0.1057,0.08173,0.08999,31.0,23.0,32.0,20.0,31.0,31.0,32.0
19,"[0, 1, 2]","[1, 1, 1]",100.0,10.0,softmax,"[0.1, 0.3]","[0.1, 0.1]",,avg_hr_lin_dis,0.05183,0.03352,0.08559,0.03114,0.09914,0.07478,0.08428,0.05548,0.08345,0.0894,0.08508,0.10371,0.08004,0.08814,27.0,17.0,29.0,16.0,29.0,27.0,29.0
20,"[0, 1, 2]","[1, 1, 1]",100.0,10.0,softmax,"[0.1, 0.3]","[0.1, 0.1]",,spect_edr,0.0389,0.01705,0.05804,0.02079,0.06013,0.05611,0.05795,0.04549,0.06829,0.06759,0.08408,0.06982,0.06562,0.06754,47.0,42.0,47.0,34.0,48.0,47.0,47.0
21,"[0, 1, 2]","[1, 1, 1]",100.0,10.0,softmax,"[0.1, 0.3]","[0.1, 0.1]",,aff_edr,0.23917,0.04743,0.22044,0.04127,0.19761,0.34505,0.19856,0.19954,0.07439,0.14533,0.06925,0.20235,0.28787,0.12033,3.0,7.0,4.0,9.0,4.0,3.0,5.0
22,"[0, 1, 2]","[1, 1, 1]",100.0,10.0,softmax,"[0.1, 0.3]","[0.1, 0.1]",,spectral bad warp,0.04675,0.0256,0.07842,0.02215,0.09215,0.06745,0.0771,0.04379,0.06578,0.07553,0.05282,0.09289,0.06318,0.0739,37.0,29.0,41.0,33.0,37.0,37.0,39.0
23,"[0, 1, 2]","[1, 1, 1]",100.0,10.0,softmax,"[0.1, 0.3]","[0.1, 0.1]",,affinity bad warp,0.1287,0.06565,0.15456,0.05851,0.23209,0.18568,0.15043,0.08427,0.09219,0.10405,0.0936,0.27747,0.12157,0.10214,13.0,4.0,12.0,5.0,1.0,13.0,10.0
24,"[0, 1, 2]","[1, 1, 1]",100.0,10.0,softmax,"[0.1, 0.3]","[0.1, 0.1]",,PCA bad euclid,0.05446,0.03714,0.08964,0.0368,0.10349,0.07858,0.0883,0.05391,0.08155,0.0867,0.08204,0.10058,0.07777,0.08549,21.0,14.0,27.0,11.0,25.0,22.0,26.0
25,"[0, 1, 2]","[1, 1, 1]",100.0,10.0,softmax,"[0.1, 0.3]","[0.1, 0.1]",,spectral bad eucsim,0.05446,0.03738,0.08964,0.03588,0.10349,0.07858,0.0883,0.05391,0.08131,0.0867,0.08298,0.10058,0.07777,0.08549,21.0,13.0,27.0,12.0,25.0,21.0,25.0
26,"[0, 1, 2]","[1, 1, 1]",100.0,10.0,softmax,"[0.1, 0.3]","[0.1, 0.1]",,affinity bad eucsim,0.12336,0.03852,0.14454,0.03494,0.21977,0.17798,0.14042,0.0843,0.07806,0.09722,0.07659,0.27654,0.12161,0.09505,14.0,11.0,14.0,13.0,2.0,14.0,13.0
27,"[0, 1, 2]","[1, 1, 1]",100.0,10.0,softmax,"[0.1, 0.3]","[0.1, 0.1]",,spectral bad cosine,0.0351,0.0112,0.05277,0.01313,0.0551,0.05064,0.05266,0.04672,0.07012,0.06899,0.08586,0.07081,0.06741,0.06894,49.0,45.0,48.0,44.0,49.0,49.0,48.0
28,"[0, 1, 2]","[1, 1, 1]",100.0,10.0,softmax,"[0.1, 0.3]","[0.1, 0.1]",,affinity bad cosine,0.20245,0.02712,0.19492,0.02386,0.13276,0.29207,0.17946,0.15513,0.06075,0.12257,0.06016,0.07147,0.22381,0.10533,7.0,26.0,7.0,29.0,16.0,7.0,6.0
29,"[0, 1, 2]","[1, 1, 1]",100.0,10.0,softmax,"[0.1, 0.3]","[0.1, 0.1]",,spectral bad rbf,0.04804,0.02743,0.08064,0.02401,0.09479,0.06931,0.07928,0.04292,0.06456,0.07407,0.0515,0.09122,0.06192,0.07247,33.0,25.0,33.0,28.0,34.0,33.0,34.0
30,"[0, 1, 2]","[1, 1, 1]",100.0,10.0,softmax,"[0.1, 0.3]","[0.1, 0.1]",,affinity bad rbf,0.10885,0.0234,0.13042,0.02838,0.1598,0.15704,0.12752,0.08209,0.06094,0.0919,0.0694,0.20911,0.11843,0.08946,16.0,32.0,15.0,21.0,9.0,16.0,15.0
31,"[0, 1, 2]","[1, 1, 1]",100.0,10.0,softmax,"[0.1, 0.3]","[0.1, 0.1]",,spectral bad edr,0.0519,0.03079,0.09116,0.02653,0.11238,0.07487,0.0888,0.04655,0.07111,0.08139,0.0584,0.10305,0.06716,0.07909,26.0,22.0,26.0,23.0,23.0,26.0,24.0
32,"[0, 1, 2]","[1, 1, 1]",100.0,10.0,softmax,"[0.1, 0.3]","[0.1, 0.1]",,affinity bad edr,0.2855,0.04295,0.2508,0.04665,0.1529,0.4119,0.2228,0.12984,0.07501,0.11368,0.08434,0.06964,0.18732,0.10109,2.0,9.0,2.0,7.0,11.0,2.0,3.0
33,"[0, 1, 2]","[1, 1, 1]",100.0,10.0,softmax,"[0.1, 0.3]","[0.1, 0.1]",,kmeans badset,0.04488,0.02214,0.07557,0.02041,0.08916,0.06474,0.07424,0.04406,0.06675,0.07602,0.0519,0.09351,0.06356,0.07437,42.0,36.0,42.0,35.0,42.0,42.0,43.0
34,"[0, 1, 2]","[1, 1, 1]",100.0,10.0,softmax,"[0.1, 0.3]","[0.1, 0.1]",,complete badset,0.04542,0.0223,0.07866,0.01827,0.09567,0.06553,0.07682,0.0427,0.06454,0.07601,0.04686,0.09696,0.0616,0.07383,40.0,34.0,38.0,36.0,32.0,40.0,40.0
35,"[0, 1, 2]","[1, 1, 1]",100.0,10.0,softmax,"[0.1, 0.3]","[0.1, 0.1]",,average badset,0.04542,0.0223,0.07866,0.01827,0.09567,0.06553,0.07682,0.0427,0.06454,0.07601,0.04686,0.09696,0.0616,0.07383,40.0,34.0,38.0,36.0,32.0,40.0,40.0
36,"[0, 1, 2]","[1, 1, 1]",100.0,10.0,softmax,"[0.1, 0.3]","[0.1, 0.1]",,ward badset,0.05084,0.03128,0.08391,0.03174,0.0972,0.07334,0.08261,0.05452,0.08279,0.08831,0.0806,0.10294,0.07866,0.08702,29.0,20.0,30.0,15.0,30.0,29.0,30.0
37,"[0, 1, 2]","[1, 1, 1]",100.0,10.0,softmax,"[0.1, 0.3]","[0.1, 0.1]",,spectral eblock warp,0.06421,0.05534,0.09584,0.06272,0.09933,0.09264,0.0957,0.06776,0.10154,0.10279,0.11617,0.10876,0.09775,0.10254,19.0,6.0,22.0,2.0,28.0,19.0,19.0
38,"[0, 1, 2]","[1, 1, 1]",100.0,10.0,softmax,"[0.1, 0.3]","[0.1, 0.1]",,affinity eblock warp,0.15674,0.02267,0.15616,0.0238,0.16141,0.22612,0.14514,0.14702,0.04736,0.10834,0.05684,0.20411,0.2121,0.08961,10.0,33.0,11.0,30.0,8.0,10.0,12.0
39,"[0, 1, 2]","[1, 1, 1]",100.0,10.0,softmax,"[0.1, 0.3]","[0.1, 0.1]",,PCA eblock euclid,0.05877,0.04618,0.09177,0.04376,0.0997,0.08479,0.09129,0.05933,0.08878,0.09538,0.08791,0.1074,0.0856,0.09461,20.0,8.0,25.0,8.0,27.0,20.0,23.0
40,"[0, 1, 2]","[1, 1, 1]",100.0,10.0,softmax,"[0.1, 0.3]","[0.1, 0.1]",,spectral eblock eucsim,0.03576,0.01258,0.05249,0.01633,0.05342,0.05159,0.05247,0.05581,0.08392,0.08156,0.10619,0.08265,0.08052,0.08155,48.0,44.0,50.0,40.0,50.0,48.0,49.0
41,"[0, 1, 2]","[1, 1, 1]",100.0,10.0,softmax,"[0.1, 0.3]","[0.1, 0.1]",,affinity eblock eucsim,0.15947,0.00763,0.16169,0.00991,0.12235,0.23007,0.14906,0.14537,0.045,0.10234,0.05494,0.05666,0.20973,0.08402,8.0,48.0,10.0,47.0,20.0,8.0,11.0
42,"[0, 1, 2]","[1, 1, 1]",100.0,10.0,softmax,"[0.1, 0.3]","[0.1, 0.1]",,spectral eblock cosine,0.06845,0.06078,0.10614,0.06216,0.11512,0.09875,0.10536,0.06506,0.09731,0.10287,0.10563,0.11568,0.09387,0.10194,18.0,5.0,18.0,3.0,22.0,18.0,18.0
43,"[0, 1, 2]","[1, 1, 1]",100.0,10.0,softmax,"[0.1, 0.3]","[0.1, 0.1]",,affinity eblock cosine,0.38272,0.07794,0.33338,0.06213,0.20706,0.55215,0.29446,0.20549,0.0985,0.14212,0.09829,0.07724,0.29646,0.11625,1.0,1.0,1.0,4.0,3.0,1.0,1.0
44,"[0, 1, 2]","[1, 1, 1]",100.0,10.0,softmax,"[0.1, 0.3]","[0.1, 0.1]",,spectral eblock rbf,0.05163,0.03621,0.07948,0.03435,0.08538,0.07449,0.07904,0.05218,0.07756,0.08499,0.07345,0.09738,0.07529,0.08413,28.0,15.0,36.0,14.0,45.0,28.0,35.0
45,"[0, 1, 2]","[1, 1, 1]",100.0,10.0,softmax,"[0.1, 0.3]","[0.1, 0.1]",,affinity eblock rbf,0.13615,0.00751,0.14595,0.01262,0.16923,0.19643,0.13581,0.14576,0.03824,0.10277,0.05062,0.20212,0.21029,0.08483,12.0,49.0,13.0,45.0,7.0,12.0,14.0
46,"[0, 1, 2]","[1, 1, 1]",100.0,10.0,softmax,"[0.1, 0.3]","[0.1, 0.1]",,spectral eblock edr,0.04794,0.02492,0.0922,0.02257,0.13229,0.06916,0.08504,0.04849,0.07393,0.07674,0.06804,0.09723,0.06996,0.07591,34.0,31.0,24.0,32.0,17.0,34.0,27.0
47,"[0, 1, 2]","[1, 1, 1]",100.0,10.0,softmax,"[0.1, 0.3]","[0.1, 0.1]",,affinity eblock edr,0.22771,0.00989,0.19724,0.01023,0.11844,0.32851,0.17408,0.02174,0.0053,0.01657,0.00757,0.00858,0.03137,0.01371,5.0,46.0,6.0,46.0,21.0,5.0,7.0
48,"[0, 1, 2]","[1, 1, 1]",100.0,10.0,softmax,"[0.1, 0.3]","[0.1, 0.1]",,kmeans eblockset,0.05318,0.03813,0.08297,0.03848,0.09065,0.07672,0.08227,0.03752,0.05501,0.06441,0.0587,0.07935,0.05413,0.06299,23.0,12.0,31.0,10.0,40.0,23.0,31.0
49,"[0, 1, 2]","[1, 1, 1]",100.0,10.0,softmax,"[0.1, 0.3]","[0.1, 0.1]",,complete eblockset,0.05261,0.03117,0.09917,0.02557,0.1353,0.07591,0.09354,0.03798,0.05813,0.06736,0.0496,0.09295,0.05479,0.06518,25.0,21.0,20.0,25.0,14.0,25.0,20.0
50,"[0, 1, 2]","[1, 1, 1]",100.0,10.0,softmax,"[0.1, 0.3]","[0.1, 0.1]",,average eblockset,0.0444,0.01342,0.10533,0.0067,0.17763,0.06405,0.09221,0.03028,0.04718,0.05304,0.022,0.06835,0.04368,0.05268,43.0,43.0,19.0,48.0,6.0,43.0,22.0
51,"[0, 1, 2]","[1, 1, 1]",100.0,10.0,softmax,"[0.1, 0.3]","[0.1, 0.1]",,ward eblockset,0.04969,0.03248,0.07847,0.03,0.08672,0.07169,0.07775,0.04838,0.07188,0.0794,0.07674,0.09311,0.0698,0.07821,32.0,18.0,40.0,18.0,43.0,32.0,37.0
52,"[0, 1, 2]","[1, 1, 1]",100.0,10.0,softmax,"[0.1, 0.3]","[0.1, 0.1]",,levenstein,0.03987,0.01831,0.05967,0.02279,0.06202,0.05752,0.05958,0.04569,0.06873,0.06785,0.08279,0.06994,0.06592,0.06783,46.0,39.0,46.0,31.0,46.0,46.0,46.0
53,"[0, 1, 2]","[1, 1, 1]",100.0,10.0,softmax,"[0.1, 0.5]","[0.1, 0.1]",,spectral warp,0.06658,0.05886,0.10005,0.05995,0.10436,0.09605,0.09991,0.08742,0.13107,0.13252,0.13378,0.13966,0.12612,0.13228,25.0,17.0,36.0,9.0,41.0,25.0,36.0
54,"[0, 1, 2]","[1, 1, 1]",100.0,10.0,softmax,"[0.1, 0.5]","[0.1, 0.1]",,aff prop,0.1151,0.07581,0.15226,0.05857,0.19512,0.16606,0.14907,0.08813,0.10794,0.1171,0.09765,0.22134,0.12715,0.1161,16.0,10.0,17.0,10.0,5.0,16.0,16.0
55,"[0, 1, 2]","[1, 1, 1]",100.0,10.0,softmax,"[0.1, 0.5]","[0.1, 0.1]",,pca,0.10737,0.11841,0.17193,0.0977,0.19158,0.1549,0.17063,0.09432,0.14151,0.14842,0.12757,0.16367,0.13607,0.14761,17.0,1.0,13.0,1.0,6.0,17.0,13.0
56,"[0, 1, 2]","[1, 1, 1]",100.0,10.0,softmax,"[0.1, 0.5]","[0.1, 0.1]",,spectral overlap,0.04222,0.01186,0.09808,0.00215,0.16203,0.06091,0.08666,0.02832,0.04181,0.05552,0.02227,0.08157,0.04086,0.05289,46.0,50.0,39.0,51.0,14.0,46.0,42.0
57,"[0, 1, 2]","[1, 1, 1]",100.0,10.0,softmax,"[0.1, 0.5]","[0.1, 0.1]",,km_choice,0.05948,0.04232,0.10579,0.02974,0.13308,0.08581,0.10245,0.06376,0.0968,0.10758,0.06974,0.13011,0.09199,0.10583,36.0,30.0,33.0,33.0,29.0,36.0,34.0
58,"[0, 1, 2]","[1, 1, 1]",100.0,10.0,softmax,"[0.1, 0.5]","[0.1, 0.1]",,km_ent,0.08758,0.08876,0.13937,0.08095,0.15461,0.12634,0.13828,0.06877,0.10308,0.11157,0.09685,0.12754,0.09922,0.11051,19.0,5.0,20.0,3.0,19.0,19.0,20.0
59,"[0, 1, 2]","[1, 1, 1]",100.0,10.0,softmax,"[0.1, 0.5]","[0.1, 0.1]",,km_con,0.05378,0.03664,0.08918,0.02754,0.10329,0.07758,0.08798,0.062,0.09322,0.10302,0.07152,0.12024,0.08945,0.10178,40.0,34.0,42.0,35.0,42.0,40.0,41.0
60,"[0, 1, 2]","[1, 1, 1]",100.0,10.0,softmax,"[0.1, 0.5]","[0.1, 0.1]",,spect_cos_cat,0.09262,0.09459,0.1569,0.06872,0.18549,0.13363,0.15432,0.05835,0.08729,0.09992,0.06879,0.12099,0.08419,0.09829,18.0,3.0,15.0,6.0,7.0,18.0,14.0
61,"[0, 1, 2]","[1, 1, 1]",100.0,10.0,softmax,"[0.1, 0.5]","[0.1, 0.1]",,aff_cos_cat,0.20479,0.0411,0.2263,0.05268,0.17657,0.29546,0.21721,0.0719,0.04993,0.06113,0.05807,0.04522,0.10374,0.05608,9.0,32.0,8.0,14.0,9.0,9.0,6.0
62,"[0, 1, 2]","[1, 1, 1]",100.0,10.0,softmax,"[0.1, 0.5]","[0.1, 0.1]",,spect_cos_ent,0.08755,0.08881,0.14201,0.07053,0.16084,0.1263,0.14049,0.08072,0.12032,0.12995,0.11299,0.1478,0.11645,0.12874,20.0,4.0,19.0,5.0,15.0,20.0,19.0
63,"[0, 1, 2]","[1, 1, 1]",100.0,10.0,softmax,"[0.1, 0.5]","[0.1, 0.1]",,aff_cos_ent,0.24405,0.08143,0.26154,0.08568,0.19666,0.35209,0.24941,0.11067,0.07761,0.10176,0.11108,0.06666,0.15966,0.09384,3.0,7.0,1.0,2.0,4.0,3.0,1.0
64,"[0, 1, 2]","[1, 1, 1]",100.0,10.0,softmax,"[0.1, 0.5]","[0.1, 0.1]",,spect_rbf,0.07034,0.06425,0.10498,0.07267,0.10873,0.10148,0.10486,0.0819,0.12306,0.12163,0.13217,0.1253,0.11816,0.12158,24.0,16.0,35.0,4.0,39.0,24.0,31.0
65,"[0, 1, 2]","[1, 1, 1]",100.0,10.0,softmax,"[0.1, 0.5]","[0.1, 0.1]",,spect_esk_sim,0.0606,0.04419,0.10763,0.03093,0.13514,0.08743,0.10427,0.06304,0.0956,0.10632,0.0691,0.12861,0.09095,0.1046,35.0,28.0,30.0,30.0,28.0,35.0,33.0
66,"[0, 1, 2]","[1, 1, 1]",100.0,10.0,softmax,"[0.1, 0.5]","[0.1, 0.1]",,aff_esk_sim,0.22365,0.07825,0.25115,0.0401,0.19687,0.32266,0.24291,0.06607,0.08649,0.07401,0.0635,0.06173,0.09532,0.07266,6.0,8.0,2.0,20.0,3.0,6.0,2.0
67,"[0, 1, 2]","[1, 1, 1]",100.0,10.0,softmax,"[0.1, 0.5]","[0.1, 0.1]",,spect_lin_sim,0.05025,0.03135,0.08336,0.02321,0.09664,0.0725,0.0822,0.0636,0.0956,0.10555,0.07398,0.12308,0.09175,0.10427,43.0,39.0,43.0,41.0,45.0,43.0,43.0
68,"[0, 1, 2]","[1, 1, 1]",100.0,10.0,softmax,"[0.1, 0.5]","[0.1, 0.1]",,aff_lin_sim,0.19309,0.0777,0.21837,0.03847,0.17225,0.27856,0.21163,0.07407,0.07975,0.08076,0.05694,0.06412,0.10686,0.07826,11.0,9.0,9.0,22.0,10.0,11.0,8.0
69,"[0, 1, 2]","[1, 1, 1]",100.0,10.0,softmax,"[0.1, 0.5]","[0.1, 0.1]",,comp_hr_esk_dis,0.06527,0.05015,0.11953,0.03573,0.15628,0.09417,0.11446,0.05936,0.09076,0.0978,0.06537,0.11704,0.08564,0.09691,28.0,22.0,24.0,24.0,17.0,28.0,24.0
70,"[0, 1, 2]","[1, 1, 1]",100.0,10.0,softmax,"[0.1, 0.5]","[0.1, 0.1]",,avg_hr_esk_dis,0.06365,0.04729,0.11677,0.03444,0.15304,0.09183,0.11174,0.06073,0.09319,0.10045,0.06623,0.12055,0.08762,0.09941,31.0,24.0,27.0,27.0,20.0,31.0,27.0
71,"[0, 1, 2]","[1, 1, 1]",100.0,10.0,softmax,"[0.1, 0.5]","[0.1, 0.1]",,comp_hr_lin_din,0.05377,0.03399,0.0934,0.02606,0.11398,0.07757,0.09115,0.06334,0.09631,0.10664,0.06975,0.12785,0.09138,0.10485,41.0,38.0,41.0,37.0,37.0,41.0,39.0
72,"[0, 1, 2]","[1, 1, 1]",100.0,10.0,softmax,"[0.1, 0.5]","[0.1, 0.1]",,avg_hr_lin_dis,0.05464,0.03532,0.09681,0.02526,0.12149,0.07882,0.09374,0.06286,0.0953,0.10543,0.07051,0.12702,0.09069,0.10375,39.0,36.0,40.0,40.0,34.0,39.0,38.0
73,"[0, 1, 2]","[1, 1, 1]",100.0,10.0,softmax,"[0.1, 0.5]","[0.1, 0.1]",,spect_edr,0.05573,0.04287,0.0811,0.05605,0.08181,0.0804,0.08109,0.05424,0.08145,0.07912,0.10494,0.08005,0.07825,0.07911,38.0,29.0,44.0,12.0,47.0,38.0,44.0
74,"[0, 1, 2]","[1, 1, 1]",100.0,10.0,softmax,"[0.1, 0.5]","[0.1, 0.1]",,aff_edr,0.15621,0.06974,0.18158,0.06787,0.15247,0.22536,0.17507,0.13171,0.10205,0.12604,0.10516,0.10208,0.19001,0.11782,13.0,14.0,12.0,7.0,22.0,13.0,12.0
75,"[0, 1, 2]","[1, 1, 1]",100.0,10.0,softmax,"[0.1, 0.5]","[0.1, 0.1]",,spectral bad warp,0.06416,0.05079,0.11117,0.03596,0.13521,0.09257,0.10858,0.06049,0.09101,0.10259,0.06666,0.12417,0.08727,0.1008,30.0,21.0,29.0,23.0,27.0,30.0,29.0
76,"[0, 1, 2]","[1, 1, 1]",100.0,10.0,softmax,"[0.1, 0.5]","[0.1, 0.1]",,affinity bad warp,0.218,0.11543,0.24679,0.06646,0.19793,0.31451,0.23794,0.07052,0.08947,0.08035,0.06958,0.07885,0.10174,0.07995,7.0,2.0,3.0,8.0,1.0,7.0,3.0
77,"[0, 1, 2]","[1, 1, 1]",100.0,10.0,softmax,"[0.1, 0.5]","[0.1, 0.1]",,PCA bad euclid,0.06558,0.05176,0.11826,0.03,0.15038,0.09461,0.11435,0.06489,0.09775,0.11109,0.06922,0.13566,0.09362,0.10914,27.0,19.0,26.0,32.0,23.0,27.0,26.0
78,"[0, 1, 2]","[1, 1, 1]",100.0,10.0,softmax,"[0.1, 0.5]","[0.1, 0.1]",,spectral bad eucsim,0.06638,0.05697,0.10639,0.04853,0.11878,0.09577,0.10552,0.06694,0.10017,0.10991,0.08701,0.12649,0.09657,0.10877,26.0,18.0,32.0,17.0,36.0,26.0,30.0
79,"[0, 1, 2]","[1, 1, 1]",100.0,10.0,softmax,"[0.1, 0.5]","[0.1, 0.1]",,affinity bad eucsim,0.22631,0.07577,0.23132,0.05629,0.16537,0.3265,0.21768,0.10022,0.07208,0.09511,0.07415,0.06434,0.14459,0.08838,5.0,11.0,5.0,11.0,12.0,5.0,5.0
80,"[0, 1, 2]","[1, 1, 1]",100.0,10.0,softmax,"[0.1, 0.5]","[0.1, 0.1]",,spectral bad cosine,0.03621,0.01266,0.05396,0.01183,0.05584,0.05224,0.05388,0.07519,0.11316,0.11208,0.11485,0.11582,0.10848,0.11202,50.0,47.0,52.0,47.0,52.0,50.0,52.0
81,"[0, 1, 2]","[1, 1, 1]",100.0,10.0,softmax,"[0.1, 0.5]","[0.1, 0.1]",,affinity bad cosine,0.19536,0.01437,0.19796,0.00274,0.14239,0.28185,0.18527,0.11853,0.04182,0.09453,0.04509,0.05909,0.171,0.08252,10.0,45.0,11.0,50.0,26.0,10.0,10.0
82,"[0, 1, 2]","[1, 1, 1]",100.0,10.0,softmax,"[0.1, 0.5]","[0.1, 0.1]",,spectral bad rbf,0.06171,0.04689,0.10741,0.03233,0.13121,0.08904,0.10483,0.06188,0.09318,0.10498,0.06794,0.12691,0.08927,0.10313,34.0,26.0,31.0,29.0,31.0,34.0,32.0
83,"[0, 1, 2]","[1, 1, 1]",100.0,10.0,softmax,"[0.1, 0.5]","[0.1, 0.1]",,affinity bad rbf,0.20516,0.08357,0.22919,0.05189,0.17846,0.29598,0.22151,0.08821,0.0722,0.09599,0.0592,0.07525,0.12726,0.09275,8.0,6.0,7.0,15.0,8.0,8.0,4.0
84,"[0, 1, 2]","[1, 1, 1]",100.0,10.0,softmax,"[0.1, 0.5]","[0.1, 0.1]",,spectral bad edr,0.07976,0.07063,0.14907,0.04545,0.19788,0.11506,0.1424,0.05705,0.08832,0.09227,0.06253,0.10739,0.08231,0.09228,21.0,13.0,18.0,18.0,2.0,21.0,18.0
85,"[0, 1, 2]","[1, 1, 1]",100.0,10.0,softmax,"[0.1, 0.5]","[0.1, 0.1]",,affinity bad edr,0.2539,0.04633,0.2311,0.05032,0.14652,0.3663,0.20845,0.10253,0.06886,0.09187,0.07908,0.05938,0.14792,0.08317,2.0,27.0,6.0,16.0,25.0,2.0,9.0
86,"[0, 1, 2]","[1, 1, 1]",100.0,10.0,softmax,"[0.1, 0.5]","[0.1, 0.1]",,kmeans badset,0.05948,0.04232,0.10579,0.02974,0.13308,0.08581,0.10245,0.06376,0.0968,0.10758,0.06974,0.13011,0.09199,0.10583,36.0,31.0,33.0,33.0,29.0,36.0,34.0
87,"[0, 1, 2]","[1, 1, 1]",100.0,10.0,softmax,"[0.1, 0.5]","[0.1, 0.1]",,complete badset,0.06527,0.05015,0.11953,0.03573,0.15628,0.09417,0.11446,0.05936,0.09076,0.0978,0.06537,0.11704,0.08564,0.09691,28.0,22.0,24.0,24.0,17.0,28.0,24.0
88,"[0, 1, 2]","[1, 1, 1]",100.0,10.0,softmax,"[0.1, 0.5]","[0.1, 0.1]",,average badset,0.06365,0.04729,0.11677,0.03444,0.15304,0.09183,0.11174,0.06073,0.09319,0.10045,0.06623,0.12055,0.08762,0.09941,31.0,24.0,27.0,27.0,20.0,31.0,27.0
89,"[0, 1, 2]","[1, 1, 1]",100.0,10.0,softmax,"[0.1, 0.5]","[0.1, 0.1]",,ward badset,0.07564,0.06627,0.13548,0.04262,0.1708,0.10912,0.13132,0.06472,0.09847,0.10951,0.06653,0.13187,0.09337,0.10799,23.0,15.0,22.0,19.0,11.0,23.0,22.0
90,"[0, 1, 2]","[1, 1, 1]",100.0,10.0,softmax,"[0.1, 0.5]","[0.1, 0.1]",,spectral eblock warp,0.0356,0.01232,0.05258,0.01508,0.05394,0.05135,0.05252,0.05711,0.0857,0.0829,0.1111,0.0836,0.08239,0.08287,51.0,49.0,53.0,45.0,53.0,51.0,53.0
91,"[0, 1, 2]","[1, 1, 1]",100.0,10.0,softmax,"[0.1, 0.5]","[0.1, 0.1]",,affinity eblock warp,0.13364,0.03533,0.1525,0.02708,0.13006,0.1928,0.14428,0.11025,0.0718,0.10601,0.07225,0.08641,0.15906,0.09963,14.0,35.0,16.0,36.0,32.0,14.0,17.0
92,"[0, 1, 2]","[1, 1, 1]",100.0,10.0,softmax,"[0.1, 0.5]","[0.1, 0.1]",,PCA eblock euclid,0.07701,0.07171,0.12745,0.05513,0.14761,0.11111,0.12561,0.07946,0.11927,0.12815,0.11027,0.14665,0.11463,0.12682,22.0,12.0,23.0,13.0,24.0,22.0,23.0
93,"[0, 1, 2]","[1, 1, 1]",100.0,10.0,softmax,"[0.1, 0.5]","[0.1, 0.1]",,spectral eblock eucsim,0.04463,0.02571,0.06673,0.03018,0.06923,0.06439,0.06666,0.05596,0.08398,0.08274,0.10393,0.08499,0.08073,0.08268,44.0,40.0,47.0,31.0,48.0,44.0,46.0
94,"[0, 1, 2]","[1, 1, 1]",100.0,10.0,softmax,"[0.1, 0.5]","[0.1, 0.1]",,affinity eblock eucsim,0.15821,0.01814,0.1634,0.01791,0.12377,0.22824,0.15182,0.1035,0.05923,0.09311,0.06481,0.07052,0.14932,0.08548,12.0,43.0,14.0,43.0,33.0,12.0,15.0
95,"[0, 1, 2]","[1, 1, 1]",100.0,10.0,softmax,"[0.1, 0.5]","[0.1, 0.1]",,spectral eblock cosine,0.05122,0.03494,0.07954,0.03541,0.08832,0.07389,0.07818,0.08225,0.12344,0.12299,0.13439,0.13139,0.11866,0.12253,42.0,37.0,45.0,26.0,46.0,42.0,45.0
96,"[0, 1, 2]","[1, 1, 1]",100.0,10.0,softmax,"[0.1, 0.5]","[0.1, 0.1]",,affinity eblock cosine,0.25464,0.03752,0.2385,0.02575,0.1597,0.36736,0.217,0.1473,0.06638,0.10785,0.06121,0.06324,0.21251,0.09135,1.0,33.0,4.0,39.0,16.0,1.0,7.0
97,"[0, 1, 2]","[1, 1, 1]",100.0,10.0,softmax,"[0.1, 0.5]","[0.1, 0.1]",,spectral eblock rbf,0.04032,0.01954,0.059,0.02577,0.05986,0.05817,0.05898,0.0536,0.08056,0.07807,0.10362,0.07891,0.07733,0.07805,48.0,42.0,50.0,38.0,51.0,48.0,49.0
98,"[0, 1, 2]","[1, 1, 1]",100.0,10.0,softmax,"[0.1, 0.5]","[0.1, 0.1]",,affinity eblock rbf,0.12953,0.00444,0.13909,0.00331,0.10517,0.18688,0.13258,0.07928,0.04916,0.07973,0.05759,0.06021,0.11437,0.07519,15.0,51.0,21.0,49.0,40.0,15.0,21.0
99,"[0, 1, 2]","[1, 1, 1]",100.0,10.0,softmax,"[0.1, 0.5]","[0.1, 0.1]",,spectral eblock edr,0.02916,-0.00383,0.06182,-0.00152,0.09747,0.04207,0.05519,0.02001,0.02968,0.04195,0.03019,0.07726,0.02887,0.03665,53.0,53.0,49.0,52.0,44.0,53.0,51.0
100,"[0, 1, 2]","[1, 1, 1]",100.0,10.0,softmax,"[0.1, 0.5]","[0.1, 0.1]",,affinity eblock edr,0.23152,0.0125,0.20066,0.01442,0.12057,0.33401,0.17716,0.02709,0.01915,0.026,0.0224,0.01731,0.03908,0.02405,4.0,48.0,10.0,46.0,35.0,4.0,11.0
101,"[0, 1, 2]","[1, 1, 1]",100.0,10.0,softmax,"[0.1, 0.5]","[0.1, 0.1]",,kmeans eblockset,0.03787,0.01557,0.05716,0.01549,0.06007,0.05463,0.05697,0.05773,0.08645,0.08851,0.10043,0.09544,0.08329,0.08803,49.0,44.0,51.0,44.0,50.0,49.0,50.0
102,"[0, 1, 2]","[1, 1, 1]",100.0,10.0,softmax,"[0.1, 0.5]","[0.1, 0.1]",,complete eblockset,0.03323,0.00289,0.06685,-0.00155,0.09887,0.04794,0.0613,0.03861,0.0576,0.07099,0.04748,0.10106,0.0557,0.06767,52.0,52.0,46.0,53.0,43.0,52.0,48.0
103,"[0, 1, 2]","[1, 1, 1]",100.0,10.0,softmax,"[0.1, 0.5]","[0.1, 0.1]",,average eblockset,0.04405,0.01417,0.09999,0.0096,0.16406,0.06356,0.08836,0.03759,0.0584,0.06383,0.03521,0.08339,0.05423,0.06307,45.0,46.0,37.0,48.0,13.0,45.0,40.0
104,"[0, 1, 2]","[1, 1, 1]",100.0,10.0,softmax,"[0.1, 0.5]","[0.1, 0.1]",,ward eblockset,0.04145,0.02092,0.06232,0.0227,0.06524,0.0598,0.06213,0.05762,0.08633,0.08819,0.10081,0.09497,0.08312,0.08773,47.0,41.0,48.0,42.0,49.0,47.0,47.0
105,"[0, 1, 2]","[1, 1, 1]",100.0,10.0,softmax,"[0.1, 0.5]","[0.1, 0.1]",,levenstein,0.06209,0.05148,0.09853,0.03909,0.10883,0.08958,0.09787,0.07632,0.11378,0.12352,0.10571,0.13973,0.11011,0.12247,33.0,20.0,38.0,21.0,38.0,33.0,37.0
106,"[0, 1, 2]","[1, 1, 1]",100.0,10.0,softmax,"[0.1, 0.7]","[0.1, 0.1]",,spectral warp,0.09396,0.09998,0.13996,0.11285,0.1446,0.13556,0.13985,0.08103,0.12163,0.1234,0.12251,0.13045,0.1169,0.12319,21.0,6.0,31.0,3.0,35.0,21.0,29.0
107,"[0, 1, 2]","[1, 1, 1]",100.0,10.0,softmax,"[0.1, 0.7]","[0.1, 0.1]",,aff prop,0.14451,0.0939,0.17998,0.0805,0.21431,0.20848,0.17416,0.11553,0.11665,0.13204,0.10778,0.22464,0.16668,0.1276,16.0,10.0,17.0,9.0,5.0,16.0,17.0
108,"[0, 1, 2]","[1, 1, 1]",100.0,10.0,softmax,"[0.1, 0.7]","[0.1, 0.1]",,pca,0.10176,0.11063,0.15816,0.10692,0.17106,0.14681,0.15741,0.08411,0.1263,0.13175,0.11839,0.14439,0.12134,0.13115,18.0,3.0,22.0,4.0,24.0,18.0,20.0
109,"[0, 1, 2]","[1, 1, 1]",100.0,10.0,softmax,"[0.1, 0.7]","[0.1, 0.1]",,spectral overlap,0.05456,0.03096,0.11621,0.02101,0.17943,0.07871,0.10518,0.03289,0.05155,0.05249,0.03819,0.06676,0.04745,0.05326,42.0,42.0,40.0,42.0,20.0,42.0,41.0
110,"[0, 1, 2]","[1, 1, 1]",100.0,10.0,softmax,"[0.1, 0.7]","[0.1, 0.1]",,km_choice,0.07148,0.05935,0.13142,0.03564,0.1698,0.10312,0.12673,0.05371,0.08173,0.09379,0.05021,0.11706,0.07748,0.09194,37.0,31.0,34.0,37.0,25.0,37.0,35.0
111,"[0, 1, 2]","[1, 1, 1]",100.0,10.0,softmax,"[0.1, 0.7]","[0.1, 0.1]",,km_ent,0.09721,0.10385,0.15166,0.10021,0.16495,0.14024,0.15074,0.08102,0.1214,0.12719,0.11781,0.14054,0.11689,0.12647,20.0,4.0,24.0,6.0,28.0,20.0,23.0
112,"[0, 1, 2]","[1, 1, 1]",100.0,10.0,softmax,"[0.1, 0.7]","[0.1, 0.1]",,km_con,0.09077,0.09252,0.1492,0.07807,0.17154,0.13096,0.14723,0.06415,0.09626,0.10516,0.08768,0.12292,0.09255,0.10392,22.0,11.0,26.0,10.0,23.0,22.0,25.0
113,"[0, 1, 2]","[1, 1, 1]",100.0,10.0,softmax,"[0.1, 0.7]","[0.1, 0.1]",,spect_cos_cat,0.07017,0.06097,0.11694,0.05185,0.13783,0.10123,0.11458,0.07081,0.10674,0.11289,0.09715,0.12906,0.10216,0.11196,38.0,30.0,38.0,19.0,41.0,38.0,39.0
114,"[0, 1, 2]","[1, 1, 1]",100.0,10.0,softmax,"[0.1, 0.7]","[0.1, 0.1]",,aff_cos_cat,0.23478,0.05898,0.25444,0.06524,0.1957,0.33872,0.24295,0.09755,0.07184,0.07735,0.07634,0.05845,0.14074,0.06993,6.0,32.0,6.0,13.0,13.0,6.0,6.0
115,"[0, 1, 2]","[1, 1, 1]",100.0,10.0,softmax,"[0.1, 0.7]","[0.1, 0.1]",,spect_cos_ent,0.11649,0.1319,0.1842,0.11866,0.20331,0.16806,0.18275,0.11254,0.16931,0.16975,0.16886,0.1802,0.16236,0.16927,17.0,1.0,16.0,2.0,8.0,17.0,14.0
116,"[0, 1, 2]","[1, 1, 1]",100.0,10.0,softmax,"[0.1, 0.7]","[0.1, 0.1]",,aff_cos_ent,0.24035,0.08255,0.25732,0.07793,0.19208,0.34675,0.24587,0.10906,0.0898,0.11199,0.10977,0.08115,0.15734,0.10654,5.0,16.0,4.0,11.0,14.0,5.0,5.0
117,"[0, 1, 2]","[1, 1, 1]",100.0,10.0,softmax,"[0.1, 0.7]","[0.1, 0.1]",,spect_rbf,0.09036,0.0944,0.13563,0.10517,0.14134,0.13036,0.13542,0.07684,0.1153,0.118,0.1229,0.12632,0.11086,0.11764,23.0,9.0,33.0,5.0,37.0,23.0,31.0
118,"[0, 1, 2]","[1, 1, 1]",100.0,10.0,softmax,"[0.1, 0.7]","[0.1, 0.1]",,spect_esk_sim,0.07464,0.06464,0.13648,0.03924,0.17543,0.10768,0.13177,0.05107,0.07732,0.08893,0.04862,0.11101,0.07368,0.08727,34.0,27.0,32.0,33.0,22.0,34.0,33.0
119,"[0, 1, 2]","[1, 1, 1]",100.0,10.0,softmax,"[0.1, 0.7]","[0.1, 0.1]",,aff_esk_sim,0.24432,0.0851,0.26618,0.04453,0.20293,0.35248,0.2553,0.04265,0.06067,0.04159,0.03751,0.03964,0.06154,0.04136,3.0,13.0,2.0,24.0,9.0,3.0,1.0
120,"[0, 1, 2]","[1, 1, 1]",100.0,10.0,softmax,"[0.1, 0.7]","[0.1, 0.1]",,spect_lin_sim,0.04618,0.02494,0.07842,0.01818,0.09301,0.06663,0.07707,0.04265,0.06348,0.07484,0.0474,0.0929,0.06152,0.07312,46.0,44.0,48.0,44.0,48.0,46.0,48.0
121,"[0, 1, 2]","[1, 1, 1]",100.0,10.0,softmax,"[0.1, 0.7]","[0.1, 0.1]",,aff_lin_sim,0.2422,0.09743,0.26106,0.0572,0.19673,0.34942,0.24974,0.08186,0.06165,0.07275,0.05329,0.0505,0.1181,0.06652,4.0,7.0,3.0,17.0,12.0,4.0,3.0
122,"[0, 1, 2]","[1, 1, 1]",100.0,10.0,softmax,"[0.1, 0.7]","[0.1, 0.1]",,comp_hr_esk_dis,0.08335,0.07596,0.15964,0.04277,0.21628,0.12025,0.15182,0.04361,0.06743,0.06976,0.04363,0.07975,0.06292,0.07072,29.0,20.0,20.0,28.0,4.0,29.0,22.0
123,"[0, 1, 2]","[1, 1, 1]",100.0,10.0,softmax,"[0.1, 0.7]","[0.1, 0.1]",,avg_hr_esk_dis,0.08777,0.08205,0.16982,0.04536,0.23274,0.12663,0.16093,0.04228,0.06632,0.06312,0.04336,0.06262,0.06099,0.06602,24.0,17.0,18.0,22.0,1.0,24.0,18.0
124,"[0, 1, 2]","[1, 1, 1]",100.0,10.0,softmax,"[0.1, 0.7]","[0.1, 0.1]",,comp_hr_lin_din,0.05102,0.02912,0.09245,0.01905,0.11804,0.0736,0.08935,0.05389,0.08183,0.09521,0.05145,0.11989,0.07775,0.09293,45.0,43.0,43.0,43.0,44.0,45.0,43.0
125,"[0, 1, 2]","[1, 1, 1]",100.0,10.0,softmax,"[0.1, 0.7]","[0.1, 0.1]",,avg_hr_lin_dis,0.05979,0.0419,0.10971,0.02577,0.14165,0.08626,0.10578,0.05378,0.0817,0.09564,0.0501,0.12135,0.07759,0.09328,40.0,37.0,41.0,40.0,36.0,40.0,40.0
126,"[0, 1, 2]","[1, 1, 1]",100.0,10.0,softmax,"[0.1, 0.7]","[0.1, 0.1]",,spect_edr,0.10152,0.1116,0.14826,0.13587,0.15009,0.14646,0.14824,0.09604,0.14421,0.14069,0.15849,0.14287,0.13856,0.14067,19.0,2.0,27.0,1.0,33.0,19.0,24.0
127,"[0, 1, 2]","[1, 1, 1]",100.0,10.0,softmax,"[0.1, 0.7]","[0.1, 0.1]",,aff_edr,0.20807,0.08861,0.21981,0.08697,0.21785,0.30018,0.20738,0.15382,0.1208,0.14489,0.1261,0.21694,0.22192,0.13506,12.0,12.0,11.0,7.0,3.0,12.0,12.0
128,"[0, 1, 2]","[1, 1, 1]",100.0,10.0,softmax,"[0.1, 0.7]","[0.1, 0.1]",,spectral bad warp,0.07983,0.07304,0.14389,0.04424,0.18137,0.11518,0.13971,0.0505,0.07596,0.08941,0.04784,0.1128,0.07286,0.08734,32.0,22.0,29.0,26.0,19.0,32.0,30.0
129,"[0, 1, 2]","[1, 1, 1]",100.0,10.0,softmax,"[0.1, 0.7]","[0.1, 0.1]",,affinity bad warp,0.22244,0.10165,0.24494,0.05889,0.19113,0.32091,0.23454,0.0911,0.08404,0.08961,0.06546,0.07513,0.13142,0.08514,9.0,5.0,8.0,15.0,15.0,9.0,7.0
130,"[0, 1, 2]","[1, 1, 1]",100.0,10.0,softmax,"[0.1, 0.7]","[0.1, 0.1]",,PCA bad euclid,0.08443,0.07827,0.15876,0.04452,0.2105,0.1218,0.15198,0.0467,0.07148,0.07793,0.04633,0.09354,0.06737,0.07773,27.0,19.0,21.0,25.0,6.0,27.0,21.0
131,"[0, 1, 2]","[1, 1, 1]",100.0,10.0,softmax,"[0.1, 0.7]","[0.1, 0.1]",,spectral bad eucsim,0.08553,0.08358,0.14722,0.05885,0.17756,0.1234,0.14409,0.05708,0.08505,0.09969,0.06603,0.1238,0.08234,0.09769,26.0,15.0,28.0,16.0,21.0,26.0,28.0
132,"[0, 1, 2]","[1, 1, 1]",100.0,10.0,softmax,"[0.1, 0.7]","[0.1, 0.1]",,affinity bad eucsim,0.20122,0.07543,0.2193,0.04311,0.1695,0.2903,0.20934,0.07907,0.07165,0.08217,0.05962,0.07154,0.11407,0.07938,13.0,21.0,12.0,27.0,26.0,13.0,11.0
133,"[0, 1, 2]","[1, 1, 1]",100.0,10.0,softmax,"[0.1, 0.7]","[0.1, 0.1]",,spectral bad cosine,0.01376,-0.02106,0.0211,-0.02596,0.02256,0.01985,0.021,0.01559,0.023,0.02394,0.03055,0.02582,0.0225,0.02383,53.0,53.0,53.0,53.0,53.0,53.0,53.0
134,"[0, 1, 2]","[1, 1, 1]",100.0,10.0,softmax,"[0.1, 0.7]","[0.1, 0.1]",,affinity bad cosine,0.17863,0.02108,0.19162,0.00954,0.14582,0.25771,0.18256,0.10497,0.0584,0.08925,0.0466,0.06408,0.15145,0.08106,15.0,46.0,15.0,47.0,34.0,15.0,15.0
135,"[0, 1, 2]","[1, 1, 1]",100.0,10.0,softmax,"[0.1, 0.7]","[0.1, 0.1]",,spectral bad rbf,0.07276,0.06253,0.12974,0.03993,0.16166,0.10497,0.12632,0.05247,0.07922,0.09248,0.04943,0.1157,0.0757,0.09038,36.0,29.0,36.0,32.0,31.0,36.0,36.0
136,"[0, 1, 2]","[1, 1, 1]",100.0,10.0,softmax,"[0.1, 0.7]","[0.1, 0.1]",,affinity bad rbf,0.22846,0.09703,0.25637,0.05899,0.20264,0.3296,0.2471,0.06206,0.06895,0.06094,0.05599,0.05592,0.08953,0.05864,8.0,8.0,5.0,14.0,10.0,8.0,4.0
137,"[0, 1, 2]","[1, 1, 1]",100.0,10.0,softmax,"[0.1, 0.7]","[0.1, 0.1]",,spectral bad edr,0.0659,0.04993,0.12315,0.03089,0.16214,0.09508,0.1181,0.0531,0.08152,0.093,0.04981,0.11746,0.07661,0.09091,39.0,33.0,37.0,39.0,30.0,39.0,37.0
138,"[0, 1, 2]","[1, 1, 1]",100.0,10.0,softmax,"[0.1, 0.7]","[0.1, 0.1]",,affinity bad edr,0.27468,0.06378,0.25248,0.07247,0.16127,0.39628,0.22877,0.10685,0.08134,0.10187,0.08731,0.06852,0.15415,0.09419,2.0,28.0,7.0,12.0,32.0,2.0,8.0
139,"[0, 1, 2]","[1, 1, 1]",100.0,10.0,softmax,"[0.1, 0.7]","[0.1, 0.1]",,kmeans badset,0.0754,0.06488,0.1414,0.03736,0.18714,0.10878,0.1354,0.05085,0.07741,0.08704,0.04891,0.10718,0.07337,0.08594,33.0,26.0,30.0,35.0,16.0,33.0,32.0
140,"[0, 1, 2]","[1, 1, 1]",100.0,10.0,softmax,"[0.1, 0.7]","[0.1, 0.1]",,complete badset,0.08011,0.07126,0.15268,0.04083,0.20595,0.11557,0.14536,0.04659,0.07175,0.07658,0.04545,0.09051,0.06722,0.07681,31.0,24.0,23.0,31.0,7.0,31.0,26.0
141,"[0, 1, 2]","[1, 1, 1]",100.0,10.0,softmax,"[0.1, 0.7]","[0.1, 0.1]",,average badset,0.08777,0.08205,0.16982,0.04536,0.23274,0.12663,0.16093,0.04228,0.06632,0.06312,0.04336,0.06262,0.06099,0.06602,24.0,17.0,18.0,22.0,1.0,24.0,18.0
142,"[0, 1, 2]","[1, 1, 1]",100.0,10.0,softmax,"[0.1, 0.7]","[0.1, 0.1]",,ward badset,0.08019,0.07202,0.15068,0.0416,0.19987,0.11568,0.14419,0.0474,0.07234,0.07997,0.04681,0.09753,0.06839,0.07938,30.0,23.0,25.0,30.0,11.0,30.0,27.0
143,"[0, 1, 2]","[1, 1, 1]",100.0,10.0,softmax,"[0.1, 0.7]","[0.1, 0.1]",,spectral eblock warp,0.07402,0.06946,0.11634,0.05641,0.12713,0.10678,0.11573,0.08396,0.12545,0.13514,0.10424,0.15137,0.12113,0.13425,35.0,25.0,39.0,18.0,42.0,35.0,38.0
144,"[0, 1, 2]","[1, 1, 1]",100.0,10.0,softmax,"[0.1, 0.7]","[0.1, 0.1]",,affinity eblock warp,0.1955,0.03728,0.19655,0.03529,0.14096,0.28205,0.18304,0.10411,0.0539,0.08253,0.06171,0.05313,0.15019,0.07251,14.0,40.0,14.0,38.0,39.0,14.0,13.0
145,"[0, 1, 2]","[1, 1, 1]",100.0,10.0,softmax,"[0.1, 0.7]","[0.1, 0.1]",,PCA eblock euclid,0.08441,0.08484,0.1306,0.0829,0.14107,0.12177,0.12983,0.08208,0.12311,0.1276,0.11341,0.13902,0.11842,0.12714,28.0,14.0,35.0,8.0,38.0,28.0,34.0
146,"[0, 1, 2]","[1, 1, 1]",100.0,10.0,softmax,"[0.1, 0.7]","[0.1, 0.1]",,spectral eblock eucsim,0.05279,0.03792,0.07901,0.04166,0.08201,0.07616,0.07893,0.06508,0.09781,0.09942,0.09733,0.10536,0.09389,0.09925,43.0,39.0,47.0,29.0,50.0,43.0,47.0
147,"[0, 1, 2]","[1, 1, 1]",100.0,10.0,softmax,"[0.1, 0.7]","[0.1, 0.1]",,affinity eblock eucsim,0.21694,0.04153,0.22303,0.03595,0.16306,0.31298,0.20949,0.09848,0.05732,0.08031,0.05726,0.05784,0.14208,0.07244,10.0,38.0,10.0,36.0,29.0,10.0,10.0
148,"[0, 1, 2]","[1, 1, 1]",100.0,10.0,softmax,"[0.1, 0.7]","[0.1, 0.1]",,spectral eblock cosine,0.05191,0.03475,0.08674,0.02379,0.10301,0.07488,0.08476,0.06148,0.09166,0.10201,0.07956,0.12137,0.0887,0.10058,44.0,41.0,45.0,41.0,45.0,44.0,45.0
149,"[0, 1, 2]","[1, 1, 1]",100.0,10.0,softmax,"[0.1, 0.7]","[0.1, 0.1]",,affinity eblock cosine,0.30219,0.04891,0.27728,0.03807,0.18373,0.43596,0.24998,0.18812,0.06763,0.12491,0.06934,0.06768,0.27139,0.10036,1.0,34.0,1.0,34.0,18.0,1.0,2.0
150,"[0, 1, 2]","[1, 1, 1]",100.0,10.0,softmax,"[0.1, 0.7]","[0.1, 0.1]",,spectral eblock rbf,0.03399,0.0095,0.05189,0.00631,0.05504,0.04903,0.05174,0.05141,0.07705,0.08134,0.07195,0.0894,0.07418,0.08096,51.0,51.0,52.0,48.0,52.0,51.0,52.0
151,"[0, 1, 2]","[1, 1, 1]",100.0,10.0,softmax,"[0.1, 0.7]","[0.1, 0.1]",,affinity eblock rbf,0.21675,0.04619,0.22628,0.04758,0.1689,0.3127,0.21309,0.09337,0.05651,0.07543,0.06592,0.0563,0.13471,0.06806,11.0,35.0,9.0,20.0,27.0,11.0,9.0
152,"[0, 1, 2]","[1, 1, 1]",100.0,10.0,softmax,"[0.1, 0.7]","[0.1, 0.1]",,spectral eblock edr,0.03202,0.0016,0.06351,0.00066,0.09343,0.0462,0.0582,0.0362,0.05393,0.06318,0.05775,0.09086,0.05222,0.06001,52.0,52.0,50.0,52.0,47.0,52.0,51.0
153,"[0, 1, 2]","[1, 1, 1]",100.0,10.0,softmax,"[0.1, 0.7]","[0.1, 0.1]",,affinity eblock edr,0.23259,0.01297,0.20144,0.01334,0.12094,0.33555,0.17778,0.01889,0.0127,0.01702,0.01359,0.01077,0.02726,0.01538,7.0,48.0,13.0,46.0,43.0,7.0,16.0
154,"[0, 1, 2]","[1, 1, 1]",100.0,10.0,softmax,"[0.1, 0.7]","[0.1, 0.1]",,kmeans eblockset,0.03642,0.01176,0.06108,0.00594,0.07309,0.05255,0.05954,0.04266,0.06291,0.07301,0.06151,0.09144,0.06154,0.07122,50.0,50.0,51.0,49.0,51.0,50.0,50.0
155,"[0, 1, 2]","[1, 1, 1]",100.0,10.0,softmax,"[0.1, 0.7]","[0.1, 0.1]",,complete eblockset,0.04235,0.01466,0.09016,0.00534,0.13866,0.0611,0.08185,0.03249,0.04787,0.06236,0.02896,0.09175,0.04687,0.05941,49.0,47.0,44.0,51.0,40.0,49.0,46.0
156,"[0, 1, 2]","[1, 1, 1]",100.0,10.0,softmax,"[0.1, 0.7]","[0.1, 0.1]",,average eblockset,0.04375,0.01257,0.10694,0.00572,0.18512,0.06312,0.09249,0.02108,0.03283,0.03362,0.01543,0.03793,0.03041,0.03517,48.0,49.0,42.0,50.0,17.0,48.0,42.0
157,"[0, 1, 2]","[1, 1, 1]",100.0,10.0,softmax,"[0.1, 0.7]","[0.1, 0.1]",,ward eblockset,0.04536,0.02407,0.07792,0.01371,0.09513,0.06544,0.07577,0.06446,0.09621,0.1052,0.08291,0.12387,0.093,0.10368,47.0,45.0,49.0,45.0,46.0,47.0,49.0
158,"[0, 1, 2]","[1, 1, 1]",100.0,10.0,softmax,"[0.1, 0.7]","[0.1, 0.1]",,levenstein,0.05664,0.04363,0.08653,0.04553,0.09211,0.08171,0.08616,0.0582,0.08689,0.09263,0.09314,0.10388,0.08397,0.09184,41.0,36.0,46.0,21.0,49.0,41.0,44.0
159,"[0, 1, 2]","[1, 1, 1]",100.0,10.0,softmax,"[0.1, 0.9]","[0.1, 0.1]",,spectral warp,0.21882,0.28717,0.32425,0.31345,0.3336,0.31569,0.32386,0.15202,0.22864,0.21953,0.2337,0.22039,0.21932,0.21958,15.0,3.0,6.0,1.0,3.0,15.0,5.0
160,"[0, 1, 2]","[1, 1, 1]",100.0,10.0,softmax,"[0.1, 0.9]","[0.1, 0.1]",,aff prop,0.2967,0.26672,0.37037,0.30126,0.32496,0.42805,0.3644,0.13115,0.13171,0.1436,0.16101,0.11699,0.1892,0.14027,3.0,5.0,1.0,3.0,4.0,3.0,1.0
161,"[0, 1, 2]","[1, 1, 1]",100.0,10.0,softmax,"[0.1, 0.9]","[0.1, 0.1]",,pca,0.17463,0.2196,0.27055,0.20554,0.29154,0.25194,0.26939,0.11067,0.16716,0.16556,0.16364,0.17296,0.15966,0.16553,23.0,8.0,15.0,9.0,7.0,23.0,13.0
162,"[0, 1, 2]","[1, 1, 1]",100.0,10.0,softmax,"[0.1, 0.9]","[0.1, 0.1]",,spectral overlap,0.12007,0.13235,0.20783,0.11545,0.25976,0.17322,0.20021,0.09926,0.15309,0.13545,0.16442,0.12213,0.14321,0.13965,27.0,16.0,25.0,17.0,9.0,27.0,24.0
163,"[0, 1, 2]","[1, 1, 1]",100.0,10.0,softmax,"[0.1, 0.9]","[0.1, 0.1]",,km_choice,0.06908,0.05716,0.12421,0.03891,0.15816,0.09966,0.11996,0.05209,0.07871,0.08783,0.05439,0.10744,0.07516,0.08666,43.0,40.0,44.0,37.0,42.0,43.0,43.0
164,"[0, 1, 2]","[1, 1, 1]",100.0,10.0,softmax,"[0.1, 0.9]","[0.1, 0.1]",,km_ent,0.19288,0.24768,0.29454,0.245,0.31279,0.27827,0.29356,0.1197,0.18005,0.17473,0.18795,0.17842,0.17269,0.17475,20.0,6.0,9.0,7.0,5.0,20.0,8.0
165,"[0, 1, 2]","[1, 1, 1]",100.0,10.0,softmax,"[0.1, 0.9]","[0.1, 0.1]",,km_con,0.12327,0.14187,0.19679,0.12047,0.21913,0.17784,0.19512,0.10906,0.16416,0.16711,0.1558,0.17994,0.15734,0.16657,26.0,15.0,27.0,15.0,16.0,26.0,26.0
166,"[0, 1, 2]","[1, 1, 1]",100.0,10.0,softmax,"[0.1, 0.9]","[0.1, 0.1]",,spect_cos_cat,0.0738,0.06401,0.13558,0.03659,0.17633,0.10648,0.13028,0.05867,0.08805,0.09896,0.06318,0.12011,0.08464,0.09775,42.0,38.0,42.0,40.0,37.0,42.0,42.0
167,"[0, 1, 2]","[1, 1, 1]",100.0,10.0,softmax,"[0.1, 0.9]","[0.1, 0.1]",,aff_cos_cat,0.25648,0.06235,0.27963,0.12357,0.21252,0.37002,0.26858,0.08583,0.06242,0.08307,0.09685,0.05909,0.12383,0.07789,9.0,39.0,12.0,14.0,17.0,9.0,14.0
168,"[0, 1, 2]","[1, 1, 1]",100.0,10.0,softmax,"[0.1, 0.9]","[0.1, 0.1]",,spect_cos_ent,0.15406,0.19,0.23371,0.18895,0.24597,0.22226,0.23331,0.10809,0.16211,0.16496,0.15299,0.17501,0.15594,0.16465,24.0,10.0,21.0,11.0,13.0,24.0,20.0
169,"[0, 1, 2]","[1, 1, 1]",100.0,10.0,softmax,"[0.1, 0.9]","[0.1, 0.1]",,aff_cos_ent,0.34559,0.14633,0.3565,0.19078,0.25549,0.49859,0.33716,0.12544,0.09409,0.12005,0.14029,0.08151,0.18097,0.11116,1.0,13.0,2.0,10.0,10.0,1.0,3.0
170,"[0, 1, 2]","[1, 1, 1]",100.0,10.0,softmax,"[0.1, 0.9]","[0.1, 0.1]",,spect_rbf,0.18433,0.23537,0.276,0.25472,0.28694,0.26593,0.27556,0.10204,0.15343,0.15154,0.15891,0.15699,0.14721,0.15145,21.0,7.0,13.0,6.0,8.0,21.0,11.0
171,"[0, 1, 2]","[1, 1, 1]",100.0,10.0,softmax,"[0.1, 0.9]","[0.1, 0.1]",,spect_esk_sim,0.08635,0.08296,0.1521,0.05582,0.18814,0.12458,0.14814,0.06451,0.09823,0.1064,0.06952,0.12478,0.09307,0.10544,31.0,23.0,33.0,24.0,32.0,31.0,32.0
172,"[0, 1, 2]","[1, 1, 1]",100.0,10.0,softmax,"[0.1, 0.9]","[0.1, 0.1]",,aff_esk_sim,0.21471,0.08198,0.24995,0.0385,0.20469,0.30976,0.24299,0.05082,0.07672,0.05702,0.05544,0.06117,0.07332,0.05617,16.0,25.0,17.0,38.0,19.0,16.0,17.0
173,"[0, 1, 2]","[1, 1, 1]",100.0,10.0,softmax,"[0.1, 0.9]","[0.1, 0.1]",,spect_lin_sim,0.04622,0.02635,0.07299,0.02661,0.08005,0.06668,0.07262,0.05275,0.07953,0.08286,0.07356,0.09048,0.0761,0.08252,49.0,47.0,50.0,44.0,50.0,49.0,50.0
174,"[0, 1, 2]","[1, 1, 1]",100.0,10.0,softmax,"[0.1, 0.9]","[0.1, 0.1]",,aff_lin_sim,0.18015,0.07969,0.21511,0.03697,0.18056,0.25991,0.21018,0.05142,0.07566,0.06576,0.05459,0.06963,0.07418,0.06541,22.0,28.0,24.0,39.0,35.0,22.0,22.0
175,"[0, 1, 2]","[1, 1, 1]",100.0,10.0,softmax,"[0.1, 0.9]","[0.1, 0.1]",,comp_hr_esk_dis,0.0837,0.07853,0.14967,0.05133,0.18893,0.12075,0.14495,0.06664,0.10158,0.10906,0.0724,0.1269,0.09614,0.10844,37.0,31.0,37.0,28.0,31.0,37.0,37.0
176,"[0, 1, 2]","[1, 1, 1]",100.0,10.0,softmax,"[0.1, 0.9]","[0.1, 0.1]",,avg_hr_esk_dis,0.08445,0.07939,0.15365,0.05087,0.19813,0.12184,0.14794,0.06114,0.09323,0.09831,0.06743,0.1127,0.08821,0.0984,34.0,29.0,31.0,29.0,25.0,34.0,33.0
177,"[0, 1, 2]","[1, 1, 1]",100.0,10.0,softmax,"[0.1, 0.9]","[0.1, 0.1]",,comp_hr_lin_din,0.0504,0.03068,0.08496,0.0254,0.10092,0.07272,0.08329,0.05789,0.08766,0.09568,0.06681,0.11225,0.08352,0.09458,47.0,45.0,49.0,45.0,49.0,47.0,48.0
178,"[0, 1, 2]","[1, 1, 1]",100.0,10.0,softmax,"[0.1, 0.9]","[0.1, 0.1]",,avg_hr_lin_dis,0.05537,0.03723,0.09447,0.03021,0.11361,0.07988,0.09241,0.06557,0.09967,0.10658,0.07434,0.12282,0.0946,0.10563,46.0,43.0,47.0,43.0,48.0,46.0,47.0
179,"[0, 1, 2]","[1, 1, 1]",100.0,10.0,softmax,"[0.1, 0.9]","[0.1, 0.1]",,spect_edr,0.21045,0.27497,0.30772,0.31269,0.31194,0.30362,0.30766,0.16212,0.24365,0.2352,0.24784,0.23664,0.23389,0.23518,17.0,4.0,7.0,2.0,6.0,17.0,7.0
180,"[0, 1, 2]","[1, 1, 1]",100.0,10.0,softmax,"[0.1, 0.9]","[0.1, 0.1]",,aff_edr,0.30047,0.19504,0.32962,0.22659,0.2524,0.43349,0.31693,0.15679,0.13252,0.16663,0.16477,0.12719,0.22619,0.15986,2.0,9.0,4.0,8.0,12.0,2.0,6.0
181,"[0, 1, 2]","[1, 1, 1]",100.0,10.0,softmax,"[0.1, 0.9]","[0.1, 0.1]",,spectral bad warp,0.08068,0.07528,0.13998,0.05047,0.16939,0.1164,0.13717,0.06439,0.09715,0.10837,0.06887,0.12903,0.0929,0.10673,40.0,34.0,41.0,33.0,40.0,40.0,40.0
182,"[0, 1, 2]","[1, 1, 1]",100.0,10.0,softmax,"[0.1, 0.9]","[0.1, 0.1]",,affinity bad warp,0.27241,0.1514,0.29799,0.11797,0.22744,0.39301,0.28636,0.1143,0.09552,0.12035,0.09591,0.09202,0.1649,0.11542,6.0,12.0,8.0,16.0,15.0,6.0,9.0
183,"[0, 1, 2]","[1, 1, 1]",100.0,10.0,softmax,"[0.1, 0.9]","[0.1, 0.1]",,PCA bad euclid,0.0842,0.07972,0.15112,0.05086,0.19145,0.12147,0.14623,0.06222,0.09418,0.10181,0.06931,0.11898,0.08976,0.10124,36.0,27.0,36.0,31.0,29.0,36.0,36.0
184,"[0, 1, 2]","[1, 1, 1]",100.0,10.0,softmax,"[0.1, 0.9]","[0.1, 0.1]",,spectral bad eucsim,0.10453,0.11273,0.17277,0.09252,0.19978,0.15081,0.17032,0.08691,0.13065,0.13355,0.14169,0.147,0.12539,0.13262,28.0,17.0,28.0,20.0,23.0,28.0,28.0
185,"[0, 1, 2]","[1, 1, 1]",100.0,10.0,softmax,"[0.1, 0.9]","[0.1, 0.1]",,affinity bad eucsim,0.23011,0.08623,0.24961,0.04495,0.19031,0.33197,0.23885,0.08638,0.07447,0.07959,0.07437,0.05853,0.12462,0.07425,12.0,22.0,18.0,36.0,30.0,12.0,19.0
186,"[0, 1, 2]","[1, 1, 1]",100.0,10.0,softmax,"[0.1, 0.9]","[0.1, 0.1]",,spectral bad cosine,0.02385,-0.00541,0.03536,-0.00634,0.03638,0.03441,0.03532,0.02591,0.03893,0.03866,0.04954,0.04015,0.03738,0.0386,53.0,53.0,53.0,53.0,53.0,53.0,53.0
187,"[0, 1, 2]","[1, 1, 1]",100.0,10.0,softmax,"[0.1, 0.9]","[0.1, 0.1]",,affinity bad cosine,0.19948,0.02885,0.20086,0.01628,0.14634,0.28778,0.18681,0.13303,0.05733,0.09456,0.05788,0.05755,0.19192,0.07876,19.0,46.0,26.0,47.0,44.0,19.0,27.0
188,"[0, 1, 2]","[1, 1, 1]",100.0,10.0,softmax,"[0.1, 0.9]","[0.1, 0.1]",,spectral bad rbf,0.08202,0.07741,0.14195,0.05279,0.1716,0.11833,0.13906,0.06503,0.09814,0.10838,0.07042,0.128,0.09382,0.10695,38.0,32.0,38.0,27.0,39.0,38.0,38.0
189,"[0, 1, 2]","[1, 1, 1]",100.0,10.0,softmax,"[0.1, 0.9]","[0.1, 0.1]",,affinity bad rbf,0.20889,0.09988,0.24633,0.05051,0.20408,0.30137,0.24017,0.05039,0.08639,0.06367,0.06609,0.0691,0.07269,0.06346,18.0,20.0,19.0,32.0,21.0,18.0,18.0
190,"[0, 1, 2]","[1, 1, 1]",100.0,10.0,softmax,"[0.1, 0.9]","[0.1, 0.1]",,spectral bad edr,0.02782,-0.00356,0.0479,-0.00074,0.05872,0.04013,0.04656,0.03365,0.05102,0.05848,0.04276,0.07485,0.04855,0.05681,52.0,52.0,52.0,52.0,51.0,52.0,52.0
191,"[0, 1, 2]","[1, 1, 1]",100.0,10.0,softmax,"[0.1, 0.9]","[0.1, 0.1]",,affinity bad edr,0.26639,0.03186,0.2346,0.03215,0.14332,0.38431,0.20865,0.10494,0.0641,0.09134,0.06753,0.05545,0.1514,0.08096,7.0,44.0,20.0,41.0,45.0,7.0,23.0
192,"[0, 1, 2]","[1, 1, 1]",100.0,10.0,softmax,"[0.1, 0.9]","[0.1, 0.1]",,kmeans badset,0.07891,0.07143,0.14164,0.04708,0.17961,0.11384,0.13701,0.06293,0.09566,0.103,0.0688,0.12056,0.09079,0.10231,41.0,36.0,39.0,35.0,36.0,41.0,41.0
193,"[0, 1, 2]","[1, 1, 1]",100.0,10.0,softmax,"[0.1, 0.9]","[0.1, 0.1]",,complete badset,0.08499,0.08036,0.15188,0.05319,0.19157,0.12261,0.14713,0.06531,0.09977,0.10651,0.07064,0.12352,0.09422,0.10601,33.0,26.0,34.0,26.0,28.0,33.0,35.0
194,"[0, 1, 2]","[1, 1, 1]",100.0,10.0,softmax,"[0.1, 0.9]","[0.1, 0.1]",,average badset,0.08445,0.07939,0.15365,0.05087,0.19813,0.12184,0.14794,0.06114,0.09323,0.09831,0.06743,0.1127,0.08821,0.0984,34.0,29.0,31.0,29.0,25.0,34.0,33.0
195,"[0, 1, 2]","[1, 1, 1]",100.0,10.0,softmax,"[0.1, 0.9]","[0.1, 0.1]",,ward badset,0.08582,0.08199,0.15387,0.0535,0.19469,0.12381,0.14895,0.0603,0.09161,0.09819,0.06636,0.11428,0.087,0.09778,32.0,24.0,30.0,25.0,27.0,32.0,31.0
196,"[0, 1, 2]","[1, 1, 1]",100.0,10.0,softmax,"[0.1, 0.9]","[0.1, 0.1]",,spectral eblock warp,0.21899,0.28745,0.32489,0.29732,0.33438,0.31594,0.32462,0.17188,0.25849,0.25196,0.26722,0.2564,0.24797,0.25193,14.0,2.0,5.0,5.0,2.0,14.0,4.0
197,"[0, 1, 2]","[1, 1, 1]",100.0,10.0,softmax,"[0.1, 0.9]","[0.1, 0.1]",,affinity eblock warp,0.25151,0.14578,0.29214,0.14012,0.24251,0.36285,0.28228,0.10635,0.12971,0.11955,0.144,0.10561,0.15343,0.11954,10.0,14.0,10.0,13.0,14.0,10.0,10.0
198,"[0, 1, 2]","[1, 1, 1]",100.0,10.0,softmax,"[0.1, 0.9]","[0.1, 0.1]",,PCA eblock euclid,0.22757,0.29955,0.34567,0.29737,0.36551,0.32831,0.34446,0.15815,0.23814,0.22462,0.25596,0.22192,0.22817,0.225,13.0,1.0,3.0,4.0,1.0,13.0,2.0
199,"[0, 1, 2]","[1, 1, 1]",100.0,10.0,softmax,"[0.1, 0.9]","[0.1, 0.1]",,spectral eblock eucsim,0.09935,0.10688,0.15166,0.11522,0.16106,0.14334,0.15114,0.09409,0.1418,0.14121,0.16038,0.14842,0.13575,0.14087,29.0,18.0,35.0,18.0,41.0,29.0,30.0
200,"[0, 1, 2]","[1, 1, 1]",100.0,10.0,softmax,"[0.1, 0.9]","[0.1, 0.1]",,affinity eblock eucsim,0.28381,0.0663,0.27583,0.07353,0.18714,0.40945,0.25529,0.10326,0.05555,0.08404,0.06566,0.04946,0.14897,0.07319,4.0,37.0,14.0,22.0,33.0,4.0,15.0
201,"[0, 1, 2]","[1, 1, 1]",100.0,10.0,softmax,"[0.1, 0.9]","[0.1, 0.1]",,spectral eblock cosine,0.03341,0.00807,0.05145,0.0119,0.05675,0.04821,0.05059,0.0479,0.07222,0.0707,0.09143,0.0766,0.0691,0.07023,51.0,50.0,51.0,49.0,52.0,51.0,51.0
202,"[0, 1, 2]","[1, 1, 1]",100.0,10.0,softmax,"[0.1, 0.9]","[0.1, 0.1]",,affinity eblock cosine,0.27243,0.09152,0.28641,0.07965,0.20953,0.39304,0.27237,0.10292,0.08082,0.09664,0.0941,0.06355,0.14848,0.08909,5.0,21.0,11.0,21.0,18.0,5.0,12.0
203,"[0, 1, 2]","[1, 1, 1]",100.0,10.0,softmax,"[0.1, 0.9]","[0.1, 0.1]",,spectral eblock rbf,0.06152,0.04913,0.1039,0.03171,0.12302,0.08876,0.10199,0.06029,0.08896,0.10344,0.0801,0.12605,0.08698,0.10141,45.0,41.0,46.0,42.0,47.0,45.0,46.0
204,"[0, 1, 2]","[1, 1, 1]",100.0,10.0,softmax,"[0.1, 0.9]","[0.1, 0.1]",,affinity eblock rbf,0.24662,0.07312,0.26661,0.09928,0.20218,0.35579,0.25497,0.06097,0.05351,0.05649,0.07924,0.04502,0.08795,0.05416,11.0,35.0,16.0,19.0,22.0,11.0,16.0
205,"[0, 1, 2]","[1, 1, 1]",100.0,10.0,softmax,"[0.1, 0.9]","[0.1, 0.1]",,spectral eblock edr,0.03888,0.00699,0.09128,0.00013,0.15224,0.0561,0.08034,0.02801,0.04098,0.05592,0.02178,0.08441,0.04041,0.05261,50.0,51.0,48.0,51.0,43.0,50.0,49.0
206,"[0, 1, 2]","[1, 1, 1]",100.0,10.0,softmax,"[0.1, 0.9]","[0.1, 0.1]",,affinity eblock edr,0.26098,0.01397,0.22377,0.01193,0.13309,0.37652,0.19655,0.04934,0.02367,0.04032,0.02611,0.02334,0.07118,0.03485,8.0,49.0,23.0,48.0,46.0,8.0,25.0
207,"[0, 1, 2]","[1, 1, 1]",100.0,10.0,softmax,"[0.1, 0.9]","[0.1, 0.1]",,kmeans eblockset,0.09922,0.10438,0.17067,0.06667,0.20468,0.14315,0.16753,0.06599,0.09825,0.11268,0.07793,0.13537,0.09521,0.11097,30.0,19.0,29.0,23.0,20.0,30.0,29.0
208,"[0, 1, 2]","[1, 1, 1]",100.0,10.0,softmax,"[0.1, 0.9]","[0.1, 0.1]",,complete eblockset,0.06218,0.04397,0.1271,0.01702,0.18518,0.0897,0.118,0.04888,0.07326,0.08323,0.05016,0.10214,0.07053,0.08265,44.0,42.0,43.0,46.0,34.0,44.0,44.0
209,"[0, 1, 2]","[1, 1, 1]",100.0,10.0,softmax,"[0.1, 0.9]","[0.1, 0.1]",,average eblockset,0.04977,0.02139,0.11816,0.00861,0.19831,0.0718,0.10376,0.02337,0.03645,0.03541,0.01627,0.02855,0.03371,0.0385,48.0,48.0,45.0,50.0,24.0,48.0,45.0
210,"[0, 1, 2]","[1, 1, 1]",100.0,10.0,softmax,"[0.1, 0.9]","[0.1, 0.1]",,ward eblockset,0.08069,0.07591,0.14097,0.05042,0.17304,0.11642,0.1374,0.0603,0.08997,0.10276,0.07549,0.12564,0.08699,0.10096,39.0,33.0,40.0,34.0,38.0,39.0,39.0
211,"[0, 1, 2]","[1, 1, 1]",100.0,10.0,softmax,"[0.1, 0.9]","[0.1, 0.1]",,levenstein,0.13924,0.16534,0.22475,0.14582,0.25385,0.20088,0.22222,0.07663,0.11595,0.11596,0.12147,0.12549,0.11055,0.11596,25.0,11.0,22.0,12.0,11.0,25.0,21.0
212,"[0, 1, 2]","[1, 1, 1]",100.0,10.0,softmax,"[0.5, 0.9]","[0.1, 0.1]",,spectral warp,0.11946,0.1381,0.17524,0.16116,0.17832,0.17235,0.17514,0.13554,0.20379,0.19642,0.22086,0.19731,0.19555,0.19645,21.0,5.0,20.0,4.0,9.0,21.0,20.0
213,"[0, 1, 2]","[1, 1, 1]",100.0,10.0,softmax,"[0.5, 0.9]","[0.1, 0.1]",,aff prop,0.15861,0.09813,0.18492,0.11641,0.15124,0.22883,0.18002,0.13046,0.12181,0.14407,0.14625,0.11378,0.18822,0.13929,16.0,9.0,19.0,10.0,24.0,16.0,18.0
214,"[0, 1, 2]","[1, 1, 1]",100.0,10.0,softmax,"[0.5, 0.9]","[0.1, 0.1]",,pca,0.0789,0.07719,0.11665,0.09186,0.11965,0.11382,0.11657,0.08311,0.12498,0.1228,0.13702,0.12589,0.11991,0.12276,26.0,13.0,30.0,13.0,40.0,26.0,28.0
215,"[0, 1, 2]","[1, 1, 1]",100.0,10.0,softmax,"[0.5, 0.9]","[0.1, 0.1]",,spectral overlap,0.03396,-0.00222,0.08188,-0.0013,0.13903,0.04899,0.07155,0.02565,0.03855,0.05628,0.01433,0.09036,0.03701,0.05125,52.0,53.0,46.0,53.0,32.0,52.0,49.0
216,"[0, 1, 2]","[1, 1, 1]",100.0,10.0,softmax,"[0.5, 0.9]","[0.1, 0.1]",,km_choice,0.04598,0.01951,0.08875,0.02066,0.12434,0.06634,0.08298,0.04123,0.06407,0.07249,0.05775,0.09981,0.05949,0.06966,41.0,40.0,41.0,37.0,38.0,41.0,40.0
217,"[0, 1, 2]","[1, 1, 1]",100.0,10.0,softmax,"[0.5, 0.9]","[0.1, 0.1]",,km_ent,0.07411,0.07025,0.10858,0.08951,0.11032,0.10691,0.10854,0.06535,0.09822,0.09511,0.12341,0.096,0.09428,0.09511,29.0,15.0,31.0,14.0,46.0,29.0,31.0
218,"[0, 1, 2]","[1, 1, 1]",100.0,10.0,softmax,"[0.5, 0.9]","[0.1, 0.1]",,km_con,0.0634,0.0534,0.09561,0.06563,0.10102,0.09146,0.09502,0.06192,0.0931,0.09111,0.11814,0.09566,0.08934,0.09076,32.0,21.0,37.0,18.0,48.0,32.0,35.0
219,"[0, 1, 2]","[1, 1, 1]",100.0,10.0,softmax,"[0.5, 0.9]","[0.1, 0.1]",,spect_cos_cat,0.05114,0.03293,0.08629,0.02991,0.10402,0.07378,0.08394,0.04182,0.06202,0.06934,0.07223,0.08791,0.06033,0.06753,36.0,28.0,43.0,33.0,47.0,36.0,39.0
220,"[0, 1, 2]","[1, 1, 1]",100.0,10.0,softmax,"[0.5, 0.9]","[0.1, 0.1]",,aff_cos_cat,0.18597,0.01745,0.20604,0.04431,0.1593,0.26829,0.19864,0.06235,0.03873,0.06175,0.0509,0.04462,0.08996,0.05847,12.0,43.0,16.0,28.0,19.0,12.0,14.0
221,"[0, 1, 2]","[1, 1, 1]",100.0,10.0,softmax,"[0.5, 0.9]","[0.1, 0.1]",,spect_cos_ent,0.05215,0.03661,0.08002,0.03644,0.08521,0.07524,0.07982,0.06236,0.09351,0.09681,0.09591,0.10449,0.08997,0.09648,35.0,26.0,48.0,32.0,50.0,35.0,43.0
222,"[0, 1, 2]","[1, 1, 1]",100.0,10.0,softmax,"[0.5, 0.9]","[0.1, 0.1]",,aff_cos_ent,0.20992,0.04389,0.22062,0.04892,0.16367,0.30285,0.20888,0.0841,0.06529,0.0787,0.07883,0.06101,0.12133,0.07353,6.0,25.0,6.0,23.0,12.0,6.0,7.0
223,"[0, 1, 2]","[1, 1, 1]",100.0,10.0,softmax,"[0.5, 0.9]","[0.1, 0.1]",,spect_rbf,0.09226,0.09755,0.13501,0.11768,0.137,0.1331,0.13497,0.1013,0.15219,0.14797,0.17038,0.14985,0.14615,0.14797,24.0,10.0,25.0,8.0,33.0,24.0,24.0
224,"[0, 1, 2]","[1, 1, 1]",100.0,10.0,softmax,"[0.5, 0.9]","[0.1, 0.1]",,spect_esk_sim,0.04508,0.01982,0.0842,0.01219,0.11111,0.06503,0.08064,0.04335,0.06528,0.08107,0.04187,0.109,0.06254,0.0779,43.0,39.0,44.0,41.0,45.0,43.0,42.0
225,"[0, 1, 2]","[1, 1, 1]",100.0,10.0,softmax,"[0.5, 0.9]","[0.1, 0.1]",,aff_esk_sim,0.18418,0.01832,0.2062,0.04319,0.16118,0.26572,0.19926,0.06679,0.04619,0.06385,0.04762,0.04328,0.09636,0.05983,13.0,41.0,15.0,29.0,16.0,13.0,13.0
226,"[0, 1, 2]","[1, 1, 1]",100.0,10.0,softmax,"[0.5, 0.9]","[0.1, 0.1]",,spect_lin_sim,0.06681,0.05777,0.10585,0.05733,0.11725,0.09639,0.1049,0.05422,0.0809,0.08761,0.08736,0.10157,0.07822,0.08643,31.0,19.0,32.0,20.0,42.0,31.0,32.0
227,"[0, 1, 2]","[1, 1, 1]",100.0,10.0,softmax,"[0.5, 0.9]","[0.1, 0.1]",,aff_lin_sim,0.14287,0.02307,0.16003,0.04751,0.12497,0.20612,0.15476,0.0651,0.04322,0.06528,0.06432,0.0462,0.09391,0.06163,19.0,35.0,22.0,24.0,37.0,19.0,22.0
228,"[0, 1, 2]","[1, 1, 1]",100.0,10.0,softmax,"[0.5, 0.9]","[0.1, 0.1]",,comp_hr_esk_dis,0.03997,0.00719,0.0909,0.00302,0.1463,0.05767,0.08134,0.03276,0.04992,0.0657,0.02106,0.09679,0.04726,0.06188,46.0,49.0,40.0,50.0,29.0,46.0,41.0
229,"[0, 1, 2]","[1, 1, 1]",100.0,10.0,softmax,"[0.5, 0.9]","[0.1, 0.1]",,avg_hr_esk_dis,0.03641,0.0009,0.09155,0.00032,0.1614,0.05253,0.07854,0.02105,0.03202,0.04513,0.01147,0.07178,0.03037,0.04146,50.0,51.0,39.0,51.0,15.0,50.0,44.0
230,"[0, 1, 2]","[1, 1, 1]",100.0,10.0,softmax,"[0.5, 0.9]","[0.1, 0.1]",,comp_hr_lin_din,0.04174,0.01324,0.08341,0.0055,0.11789,0.06021,0.07832,0.03835,0.05726,0.07594,0.02924,0.1079,0.05532,0.07194,44.0,45.0,45.0,48.0,41.0,44.0,45.0
231,"[0, 1, 2]","[1, 1, 1]",100.0,10.0,softmax,"[0.5, 0.9]","[0.1, 0.1]",,avg_hr_lin_dis,0.05019,0.02432,0.10264,0.01133,0.14792,0.07241,0.09587,0.04027,0.06127,0.07771,0.02803,0.10767,0.05809,0.07431,37.0,33.0,34.0,42.0,28.0,37.0,34.0
232,"[0, 1, 2]","[1, 1, 1]",100.0,10.0,softmax,"[0.5, 0.9]","[0.1, 0.1]",,spect_edr,0.1429,0.1729,0.21386,0.18328,0.22217,0.20616,0.21355,0.1437,0.21615,0.21079,0.2249,0.21498,0.20732,0.21069,18.0,3.0,10.0,2.0,5.0,18.0,5.0
233,"[0, 1, 2]","[1, 1, 1]",100.0,10.0,softmax,"[0.5, 0.9]","[0.1, 0.1]",,aff_edr,0.19952,0.09001,0.20835,0.11721,0.25256,0.28785,0.19726,0.15311,0.10681,0.15413,0.13493,0.27355,0.22088,0.14516,8.0,11.0,13.0,9.0,3.0,8.0,15.0
234,"[0, 1, 2]","[1, 1, 1]",100.0,10.0,softmax,"[0.5, 0.9]","[0.1, 0.1]",,spectral bad warp,0.06167,0.04904,0.1008,0.04589,0.11591,0.08897,0.09923,0.04352,0.06497,0.07572,0.06235,0.09562,0.06279,0.07376,33.0,23.0,35.0,26.0,43.0,33.0,33.0
235,"[0, 1, 2]","[1, 1, 1]",100.0,10.0,softmax,"[0.5, 0.9]","[0.1, 0.1]",,affinity bad warp,0.19581,0.05547,0.21178,0.08002,0.16082,0.28249,0.2025,0.12136,0.07916,0.11024,0.12282,0.07071,0.17509,0.10038,9.0,20.0,11.0,16.0,18.0,9.0,10.0
236,"[0, 1, 2]","[1, 1, 1]",100.0,10.0,softmax,"[0.5, 0.9]","[0.1, 0.1]",,PCA bad euclid,0.04566,0.02261,0.07777,0.02592,0.095,0.06588,0.07544,0.04292,0.06636,0.07255,0.05163,0.09093,0.06192,0.07113,42.0,36.0,49.0,36.0,49.0,42.0,46.0
237,"[0, 1, 2]","[1, 1, 1]",100.0,10.0,softmax,"[0.5, 0.9]","[0.1, 0.1]",,spectral bad eucsim,0.11083,0.12542,0.16162,0.15826,0.16344,0.15989,0.16158,0.09231,0.13877,0.13334,0.17093,0.13355,0.13317,0.13335,22.0,6.0,21.0,5.0,13.0,22.0,21.0
238,"[0, 1, 2]","[1, 1, 1]",100.0,10.0,softmax,"[0.5, 0.9]","[0.1, 0.1]",,affinity bad eucsim,0.20443,0.03632,0.2172,0.0566,0.16118,0.29493,0.20698,0.08029,0.05913,0.07923,0.08715,0.05765,0.11583,0.07475,7.0,27.0,8.0,21.0,17.0,7.0,9.0
239,"[0, 1, 2]","[1, 1, 1]",100.0,10.0,softmax,"[0.5, 0.9]","[0.1, 0.1]",,spectral bad cosine,0.03281,0.00771,0.05027,0.00986,0.05518,0.04734,0.04945,0.04039,0.06066,0.06051,0.07564,0.06766,0.05827,0.05994,53.0,48.0,53.0,43.0,53.0,53.0,53.0
240,"[0, 1, 2]","[1, 1, 1]",100.0,10.0,softmax,"[0.5, 0.9]","[0.1, 0.1]",,affinity bad cosine,0.21088,0.0446,0.21427,0.03849,0.15344,0.30424,0.20115,0.10854,0.06846,0.09224,0.06099,0.06353,0.15659,0.08337,5.0,24.0,9.0,31.0,23.0,5.0,11.0
241,"[0, 1, 2]","[1, 1, 1]",100.0,10.0,softmax,"[0.5, 0.9]","[0.1, 0.1]",,spectral bad rbf,0.0397,0.01427,0.06746,0.01315,0.0805,0.05728,0.06609,0.03815,0.0577,0.06895,0.04295,0.08888,0.05504,0.0668,47.0,44.0,52.0,40.0,51.0,47.0,52.0
242,"[0, 1, 2]","[1, 1, 1]",100.0,10.0,softmax,"[0.5, 0.9]","[0.1, 0.1]",,affinity bad rbf,0.18602,0.02427,0.20079,0.04993,0.15115,0.26837,0.1923,0.0793,0.04805,0.07363,0.05966,0.04827,0.1144,0.06772,11.0,34.0,17.0,22.0,25.0,11.0,17.0
243,"[0, 1, 2]","[1, 1, 1]",100.0,10.0,softmax,"[0.5, 0.9]","[0.1, 0.1]",,spectral bad edr,0.04689,0.01984,0.09949,0.00817,0.15039,0.06765,0.09117,0.03498,0.05246,0.06748,0.02856,0.09623,0.05047,0.06447,39.0,38.0,36.0,45.0,26.0,39.0,37.0
244,"[0, 1, 2]","[1, 1, 1]",100.0,10.0,softmax,"[0.5, 0.9]","[0.1, 0.1]",,affinity bad edr,0.27584,0.02558,0.23761,0.02868,0.14216,0.39795,0.20916,0.09168,0.04289,0.07272,0.04373,0.04121,0.13227,0.06205,1.0,32.0,5.0,34.0,30.0,1.0,6.0
245,"[0, 1, 2]","[1, 1, 1]",100.0,10.0,softmax,"[0.5, 0.9]","[0.1, 0.1]",,kmeans badset,0.03675,0.00523,0.0755,0.00574,0.11208,0.05302,0.06939,0.03546,0.05412,0.06779,0.03682,0.09904,0.05115,0.06401,49.0,50.0,50.0,47.0,44.0,49.0,50.0
246,"[0, 1, 2]","[1, 1, 1]",100.0,10.0,softmax,"[0.5, 0.9]","[0.1, 0.1]",,complete badset,0.04127,0.0089,0.09483,0.00388,0.15418,0.05954,0.08448,0.03201,0.049,0.06345,0.02053,0.0926,0.04618,0.06005,45.0,47.0,38.0,49.0,21.0,45.0,38.0
247,"[0, 1, 2]","[1, 1, 1]",100.0,10.0,softmax,"[0.5, 0.9]","[0.1, 0.1]",,average badset,0.03511,-0.00081,0.08762,-0.00054,0.15352,0.05066,0.0754,0.02187,0.03297,0.04797,0.01213,0.07789,0.03155,0.04362,51.0,52.0,42.0,52.0,22.0,51.0,47.0
248,"[0, 1, 2]","[1, 1, 1]",100.0,10.0,softmax,"[0.5, 0.9]","[0.1, 0.1]",,ward badset,0.03931,0.0094,0.08139,0.0078,0.1221,0.05672,0.07447,0.02988,0.04552,0.05974,0.02602,0.09184,0.04311,0.05588,48.0,46.0,47.0,46.0,39.0,48.0,48.0
249,"[0, 1, 2]","[1, 1, 1]",100.0,10.0,softmax,"[0.5, 0.9]","[0.1, 0.1]",,spectral eblock warp,0.1721,0.21736,0.25206,0.24866,0.25624,0.24829,0.25185,0.16588,0.24917,0.24022,0.26616,0.24166,0.23931,0.24019,15.0,1.0,2.0,1.0,2.0,15.0,1.0
250,"[0, 1, 2]","[1, 1, 1]",100.0,10.0,softmax,"[0.5, 0.9]","[0.1, 0.1]",,affinity eblock warp,0.2398,0.11296,0.25686,0.15432,0.19133,0.34595,0.24566,0.16949,0.14771,0.18032,0.19235,0.13399,0.24452,0.1725,3.0,7.0,1.0,6.0,7.0,3.0,2.0
251,"[0, 1, 2]","[1, 1, 1]",100.0,10.0,softmax,"[0.5, 0.9]","[0.1, 0.1]",,PCA eblock euclid,0.13404,0.15874,0.20842,0.14968,0.2264,0.19338,0.20699,0.14717,0.22116,0.21438,0.22332,0.21876,0.21232,0.21424,20.0,4.0,12.0,7.0,4.0,20.0,8.0
252,"[0, 1, 2]","[1, 1, 1]",100.0,10.0,softmax,"[0.5, 0.9]","[0.1, 0.1]",,spectral eblock eucsim,0.09711,0.10414,0.148,0.10197,0.15668,0.1401,0.14762,0.11659,0.17507,0.17469,0.17719,0.18233,0.16821,0.17441,23.0,8.0,23.0,11.0,20.0,23.0,23.0
253,"[0, 1, 2]","[1, 1, 1]",100.0,10.0,softmax,"[0.5, 0.9]","[0.1, 0.1]",,affinity eblock eucsim,0.22936,0.06557,0.23982,0.09973,0.1757,0.3309,0.22728,0.13184,0.09937,0.13067,0.13845,0.0942,0.1902,0.12291,4.0,17.0,3.0,12.0,10.0,4.0,4.0
254,"[0, 1, 2]","[1, 1, 1]",100.0,10.0,softmax,"[0.5, 0.9]","[0.1, 0.1]",,spectral eblock cosine,0.04667,0.029,0.06806,0.03867,0.06881,0.06733,0.06805,0.05937,0.08935,0.08641,0.11303,0.08717,0.08566,0.0864,40.0,30.0,51.0,30.0,52.0,40.0,51.0
255,"[0, 1, 2]","[1, 1, 1]",100.0,10.0,softmax,"[0.5, 0.9]","[0.1, 0.1]",,affinity eblock cosine,0.18947,0.03219,0.18859,0.02752,0.13284,0.27334,0.17567,0.15484,0.07325,0.12537,0.07078,0.07548,0.22338,0.10899,10.0,29.0,18.0,35.0,34.0,10.0,19.0
256,"[0, 1, 2]","[1, 1, 1]",100.0,10.0,softmax,"[0.5, 0.9]","[0.1, 0.1]",,spectral eblock rbf,0.08099,0.08039,0.12252,0.08299,0.12886,0.11684,0.1222,0.08984,0.13459,0.13787,0.1442,0.14779,0.12962,0.13739,25.0,12.0,27.0,15.0,36.0,25.0,27.0
257,"[0, 1, 2]","[1, 1, 1]",100.0,10.0,softmax,"[0.5, 0.9]","[0.1, 0.1]",,affinity eblock rbf,0.18346,0.0522,0.20754,0.07572,0.16517,0.26468,0.20052,0.10342,0.09134,0.10847,0.1218,0.08493,0.1492,0.10389,14.0,22.0,14.0,17.0,11.0,14.0,12.0
258,"[0, 1, 2]","[1, 1, 1]",100.0,10.0,softmax,"[0.5, 0.9]","[0.1, 0.1]",,spectral eblock edr,0.04744,0.02029,0.104,0.00861,0.16314,0.06844,0.09386,0.03329,0.05021,0.06202,0.02734,0.08681,0.04803,0.06006,38.0,37.0,33.0,44.0,14.0,38.0,36.0
259,"[0, 1, 2]","[1, 1, 1]",100.0,10.0,softmax,"[0.5, 0.9]","[0.1, 0.1]",,affinity eblock edr,0.25256,0.0183,0.21869,0.0206,0.13131,0.36437,0.19298,0.07701,0.03926,0.06568,0.0383,0.03901,0.1111,0.05765,2.0,42.0,7.0,38.0,35.0,2.0,16.0
260,"[0, 1, 2]","[1, 1, 1]",100.0,10.0,softmax,"[0.5, 0.9]","[0.1, 0.1]",,kmeans eblockset,0.07727,0.07212,0.12783,0.05954,0.14875,0.11148,0.12565,0.06749,0.10121,0.11122,0.09557,0.13137,0.09736,0.1097,27.0,14.0,26.0,19.0,27.0,27.0,26.0
261,"[0, 1, 2]","[1, 1, 1]",100.0,10.0,softmax,"[0.5, 0.9]","[0.1, 0.1]",,complete eblockset,0.0761,0.06713,0.13879,0.04451,0.18036,0.10979,0.13315,0.05726,0.08697,0.09504,0.06967,0.11431,0.08261,0.0944,28.0,16.0,24.0,27.0,8.0,28.0,25.0
262,"[0, 1, 2]","[1, 1, 1]",100.0,10.0,softmax,"[0.5, 0.9]","[0.1, 0.1]",,average eblockset,0.05436,0.02878,0.12237,0.01418,0.19656,0.07843,0.10943,0.03633,0.05684,0.0572,0.03241,0.06107,0.05241,0.05913,34.0,31.0,28.0,39.0,6.0,34.0,30.0
263,"[0, 1, 2]","[1, 1, 1]",100.0,10.0,softmax,"[0.5, 0.9]","[0.1, 0.1]",,ward eblockset,0.06997,0.06158,0.11745,0.04612,0.13953,0.10094,0.1149,0.06891,0.10265,0.11305,0.10052,0.13314,0.09942,0.11166,30.0,18.0,29.0,25.0,31.0,30.0,29.0
264,"[0, 1, 2]","[1, 1, 1]",100.0,10.0,softmax,"[0.5, 0.9]","[0.1, 0.1]",,levenstein,0.15344,0.18763,0.2387,0.17995,0.25922,0.22136,0.23716,0.11401,0.17193,0.16793,0.17928,0.17339,0.16448,0.16807,17.0,2.0,4.0,3.0,1.0,17.0,3.0
265,"[0, 1, 2]","[1, 1, 1]",100.0,10.0,softmax,"[0.7, 0.9]","[0.1, 0.1]",,spectral warp,0.04117,0.02059,0.06073,0.02728,0.06213,0.05939,0.0607,0.03945,0.05942,0.05869,0.07141,0.06061,0.05692,0.05865,23.0,10.0,32.0,5.0,37.0,23.0,30.0
266,"[0, 1, 2]","[1, 1, 1]",100.0,10.0,softmax,"[0.7, 0.9]","[0.1, 0.1]",,aff prop,0.09259,0.00343,0.09897,0.0031,0.0737,0.13358,0.09454,0.08358,0.06849,0.08741,0.08904,0.06367,0.12059,0.08319,16.0,35.0,19.0,42.0,30.0,16.0,17.0
267,"[0, 1, 2]","[1, 1, 1]",100.0,10.0,softmax,"[0.7, 0.9]","[0.1, 0.1]",,pca,0.03526,0.01126,0.05212,0.01672,0.05347,0.05087,0.05207,0.05458,0.08233,0.08018,0.09941,0.08171,0.07874,0.08016,37.0,27.0,42.0,17.0,45.0,37.0,41.0
268,"[0, 1, 2]","[1, 1, 1]",100.0,10.0,softmax,"[0.7, 0.9]","[0.1, 0.1]",,spectral overlap,0.02722,-0.01068,0.06356,-0.0031,0.10692,0.03927,0.05555,0.02077,0.03184,0.04806,0.01724,0.08564,0.02996,0.04194,50.0,51.0,30.0,52.0,21.0,50.0,36.0
269,"[0, 1, 2]","[1, 1, 1]",100.0,10.0,softmax,"[0.7, 0.9]","[0.1, 0.1]",,km_choice,0.03877,0.01258,0.06192,0.0204,0.07021,0.05593,0.06093,0.06529,0.10007,0.10045,0.091,0.10961,0.09419,0.10003,26.0,20.0,31.0,10.0,32.0,26.0,29.0
270,"[0, 1, 2]","[1, 1, 1]",100.0,10.0,softmax,"[0.7, 0.9]","[0.1, 0.1]",,km_ent,0.02934,0.00291,0.04294,0.0055,0.04357,0.04232,0.04293,0.04015,0.06048,0.0592,0.07441,0.06053,0.05793,0.05918,45.0,39.0,50.0,34.0,52.0,45.0,49.0
271,"[0, 1, 2]","[1, 1, 1]",100.0,10.0,softmax,"[0.7, 0.9]","[0.1, 0.1]",,km_con,0.02902,0.00171,0.04298,0.00643,0.04423,0.04187,0.04291,0.03728,0.05649,0.05408,0.07216,0.05444,0.05379,0.05408,46.0,46.0,49.0,31.0,50.0,46.0,50.0
272,"[0, 1, 2]","[1, 1, 1]",100.0,10.0,softmax,"[0.7, 0.9]","[0.1, 0.1]",,spect_cos_cat,0.03649,0.01121,0.05905,0.0132,0.0671,0.05265,0.05826,0.03004,0.04517,0.04927,0.04922,0.05986,0.04333,0.04817,34.0,28.0,33.0,24.0,35.0,34.0,32.0
273,"[0, 1, 2]","[1, 1, 1]",100.0,10.0,softmax,"[0.7, 0.9]","[0.1, 0.1]",,aff_cos_cat,0.16963,0.00498,0.18512,0.00858,0.14143,0.24473,0.17763,0.06028,0.03272,0.05555,0.04623,0.0399,0.08696,0.05154,9.0,34.0,6.0,29.0,9.0,9.0,6.0
274,"[0, 1, 2]","[1, 1, 1]",100.0,10.0,softmax,"[0.7, 0.9]","[0.1, 0.1]",,spect_cos_ent,0.03762,0.01435,0.05772,0.01467,0.06157,0.05428,0.05752,0.05103,0.0768,0.08017,0.07301,0.08765,0.07362,0.07982,28.0,18.0,35.0,22.0,38.0,28.0,33.0
275,"[0, 1, 2]","[1, 1, 1]",100.0,10.0,softmax,"[0.7, 0.9]","[0.1, 0.1]",,aff_cos_ent,0.16657,0.00201,0.16744,0.00684,0.11695,0.24031,0.157,0.07339,0.04688,0.07415,0.05526,0.05274,0.10588,0.06988,10.0,44.0,10.0,30.0,19.0,10.0,10.0
276,"[0, 1, 2]","[1, 1, 1]",100.0,10.0,softmax,"[0.7, 0.9]","[0.1, 0.1]",,spect_rbf,0.03682,0.01435,0.05372,0.01944,0.05435,0.05311,0.05371,0.04304,0.06471,0.06314,0.08155,0.06424,0.0621,0.06312,31.0,17.0,40.0,14.0,44.0,31.0,40.0
277,"[0, 1, 2]","[1, 1, 1]",100.0,10.0,softmax,"[0.7, 0.9]","[0.1, 0.1]",,spect_esk_sim,0.03117,0.00149,0.05227,0.0042,0.06224,0.04497,0.0511,0.04798,0.07305,0.07734,0.05864,0.08938,0.06922,0.07655,43.0,47.0,41.0,37.0,36.0,43.0,42.0
278,"[0, 1, 2]","[1, 1, 1]",100.0,10.0,softmax,"[0.7, 0.9]","[0.1, 0.1]",,aff_esk_sim,0.20858,0.03687,0.22297,0.0202,0.16596,0.30091,0.21305,0.0623,0.05791,0.06378,0.05167,0.04829,0.08987,0.06083,3.0,3.0,3.0,11.0,4.0,3.0,2.0
279,"[0, 1, 2]","[1, 1, 1]",100.0,10.0,softmax,"[0.7, 0.9]","[0.1, 0.1]",,spect_lin_sim,0.03719,0.01387,0.05659,0.01505,0.05982,0.05366,0.05645,0.05167,0.0778,0.08104,0.07387,0.08845,0.07454,0.08069,30.0,19.0,37.0,21.0,39.0,30.0,35.0
280,"[0, 1, 2]","[1, 1, 1]",100.0,10.0,softmax,"[0.7, 0.9]","[0.1, 0.1]",,aff_lin_sim,0.15582,0.01911,0.16441,0.01085,0.12127,0.2248,0.15633,0.07111,0.06541,0.07057,0.05515,0.05171,0.10259,0.06645,11.0,14.0,11.0,26.0,17.0,11.0,11.0
281,"[0, 1, 2]","[1, 1, 1]",100.0,10.0,softmax,"[0.7, 0.9]","[0.1, 0.1]",,comp_hr_esk_dis,0.04659,0.01934,0.09866,0.0132,0.15294,0.06721,0.08906,0.05577,0.08568,0.09054,0.0614,0.10984,0.08046,0.08997,19.0,13.0,20.0,25.0,5.0,19.0,19.0
282,"[0, 1, 2]","[1, 1, 1]",100.0,10.0,softmax,"[0.7, 0.9]","[0.1, 0.1]",,avg_hr_esk_dis,0.03792,0.003,0.10002,0.00107,0.18367,0.05471,0.08401,0.0087,0.0134,0.01359,0.0048,0.01099,0.01255,0.01485,27.0,37.0,18.0,45.0,1.0,27.0,21.0
283,"[0, 1, 2]","[1, 1, 1]",100.0,10.0,softmax,"[0.7, 0.9]","[0.1, 0.1]",,comp_hr_lin_din,0.024,-0.01081,0.04014,-0.00026,0.04733,0.03462,0.03935,0.03164,0.04936,0.05244,0.04587,0.06386,0.04565,0.05119,52.0,52.0,53.0,50.0,48.0,52.0,53.0
284,"[0, 1, 2]","[1, 1, 1]",100.0,10.0,softmax,"[0.7, 0.9]","[0.1, 0.1]",,avg_hr_lin_dis,0.024,-0.01437,0.05059,-0.00627,0.07666,0.03462,0.04626,0.02958,0.04493,0.06018,0.02205,0.09142,0.04267,0.05587,53.0,53.0,44.0,53.0,28.0,53.0,45.0
285,"[0, 1, 2]","[1, 1, 1]",100.0,10.0,softmax,"[0.7, 0.9]","[0.1, 0.1]",,spect_edr,0.06129,0.05038,0.09389,0.0496,0.09983,0.08842,0.09365,0.07439,0.11161,0.11577,0.1103,0.12538,0.10732,0.11533,18.0,2.0,22.0,2.0,24.0,18.0,18.0
286,"[0, 1, 2]","[1, 1, 1]",100.0,10.0,softmax,"[0.7, 0.9]","[0.1, 0.1]",,aff_edr,0.13444,0.01611,0.13152,0.01954,0.13977,0.19395,0.12201,0.11266,0.06268,0.10422,0.06108,0.2124,0.16253,0.09501,15.0,15.0,15.0,13.0,11.0,15.0,15.0
287,"[0, 1, 2]","[1, 1, 1]",100.0,10.0,softmax,"[0.7, 0.9]","[0.1, 0.1]",,spectral bad warp,0.03345,0.00848,0.05017,0.00641,0.05219,0.04825,0.05011,0.07541,0.11344,0.11273,0.1136,0.11683,0.1088,0.11265,39.0,30.0,45.0,32.0,47.0,39.0,44.0
288,"[0, 1, 2]","[1, 1, 1]",100.0,10.0,softmax,"[0.7, 0.9]","[0.1, 0.1]",,affinity bad warp,0.14409,0.00228,0.14551,0.0044,0.10254,0.20787,0.1365,0.0836,0.05561,0.08103,0.04759,0.05501,0.12061,0.07544,13.0,42.0,13.0,36.0,23.0,13.0,13.0
289,"[0, 1, 2]","[1, 1, 1]",100.0,10.0,softmax,"[0.7, 0.9]","[0.1, 0.1]",,PCA bad euclid,0.02689,-0.00424,0.04522,0.00281,0.05589,0.0388,0.04343,0.0258,0.04,0.04112,0.04689,0.05684,0.03722,0.03928,51.0,50.0,47.0,43.0,42.0,51.0,48.0
290,"[0, 1, 2]","[1, 1, 1]",100.0,10.0,softmax,"[0.7, 0.9]","[0.1, 0.1]",,spectral bad eucsim,0.02875,0.00208,0.0422,0.00391,0.04297,0.04147,0.04218,0.03221,0.04847,0.04778,0.06032,0.04923,0.04647,0.04774,48.0,43.0,52.0,38.0,53.0,48.0,52.0
291,"[0, 1, 2]","[1, 1, 1]",100.0,10.0,softmax,"[0.7, 0.9]","[0.1, 0.1]",,affinity bad eucsim,0.18754,0.01159,0.19038,0.00634,0.13459,0.27057,0.179,0.06689,0.04999,0.06311,0.05083,0.04303,0.0965,0.0584,4.0,25.0,5.0,33.0,14.0,4.0,5.0
292,"[0, 1, 2]","[1, 1, 1]",100.0,10.0,softmax,"[0.7, 0.9]","[0.1, 0.1]",,spectral bad cosine,0.02818,0.0003,0.04233,0.00373,0.0442,0.04065,0.04223,0.03483,0.05268,0.05129,0.06587,0.0526,0.05025,0.05124,49.0,49.0,51.0,40.0,51.0,49.0,51.0
293,"[0, 1, 2]","[1, 1, 1]",100.0,10.0,softmax,"[0.7, 0.9]","[0.1, 0.1]",,affinity bad cosine,0.17515,0.021,0.18384,0.02545,0.13504,0.25269,0.17447,0.11229,0.07429,0.1045,0.06903,0.06844,0.162,0.09587,7.0,9.0,7.0,7.0,13.0,7.0,8.0
294,"[0, 1, 2]","[1, 1, 1]",100.0,10.0,softmax,"[0.7, 0.9]","[0.1, 0.1]",,spectral bad rbf,0.04193,0.01977,0.06476,0.02285,0.06947,0.0605,0.06454,0.05814,0.08824,0.09068,0.0844,0.09832,0.08389,0.09036,21.0,11.0,28.0,8.0,33.0,21.0,26.0
295,"[0, 1, 2]","[1, 1, 1]",100.0,10.0,softmax,"[0.7, 0.9]","[0.1, 0.1]",,affinity bad rbf,0.18111,0.02271,0.19603,0.00972,0.14812,0.26129,0.18782,0.06044,0.06116,0.06479,0.05348,0.05224,0.0872,0.06271,5.0,8.0,4.0,28.0,7.0,5.0,4.0
296,"[0, 1, 2]","[1, 1, 1]",100.0,10.0,softmax,"[0.7, 0.9]","[0.1, 0.1]",,spectral bad edr,0.03385,0.00179,0.0656,0.0039,0.09151,0.04884,0.06161,0.04753,0.07223,0.08077,0.05268,0.10328,0.06857,0.07853,38.0,45.0,26.0,39.0,26.0,38.0,28.0
297,"[0, 1, 2]","[1, 1, 1]",100.0,10.0,softmax,"[0.7, 0.9]","[0.1, 0.1]",,affinity bad edr,0.27034,0.02611,0.23645,0.03799,0.14376,0.39002,0.20961,0.07226,0.05337,0.06578,0.07226,0.04334,0.10425,0.06015,2.0,6.0,2.0,3.0,8.0,2.0,3.0
298,"[0, 1, 2]","[1, 1, 1]",100.0,10.0,softmax,"[0.7, 0.9]","[0.1, 0.1]",,kmeans badset,0.03581,0.00762,0.06517,0.00333,0.08506,0.05167,0.06236,0.05115,0.07684,0.08676,0.05844,0.10789,0.07379,0.08485,36.0,31.0,27.0,41.0,27.0,36.0,27.0
299,"[0, 1, 2]","[1, 1, 1]",100.0,10.0,softmax,"[0.7, 0.9]","[0.1, 0.1]",,complete badset,0.04172,0.01179,0.08966,0.00996,0.14142,0.06019,0.08033,0.05338,0.08207,0.08687,0.05996,0.10789,0.07701,0.08578,22.0,24.0,23.0,27.0,10.0,22.0,23.0
300,"[0, 1, 2]","[1, 1, 1]",100.0,10.0,softmax,"[0.7, 0.9]","[0.1, 0.1]",,average badset,0.03662,0.00129,0.09609,0.00021,0.17579,0.05283,0.08087,0.01072,0.01577,0.02277,0.00632,0.03747,0.01546,0.02097,33.0,48.0,21.0,49.0,3.0,33.0,22.0
301,"[0, 1, 2]","[1, 1, 1]",100.0,10.0,softmax,"[0.7, 0.9]","[0.1, 0.1]",,ward badset,0.03242,0.00302,0.05751,0.00106,0.07344,0.04677,0.05525,0.0514,0.07752,0.08582,0.06013,0.10455,0.07415,0.08426,42.0,36.0,36.0,46.0,31.0,42.0,37.0
302,"[0, 1, 2]","[1, 1, 1]",100.0,10.0,softmax,"[0.7, 0.9]","[0.1, 0.1]",,spectral eblock warp,0.02896,0.00236,0.04352,-0.00308,0.04537,0.04179,0.04347,0.06098,0.09148,0.09341,0.08783,0.09924,0.08798,0.09324,47.0,41.0,48.0,51.0,49.0,47.0,47.0
303,"[0, 1, 2]","[1, 1, 1]",100.0,10.0,softmax,"[0.7, 0.9]","[0.1, 0.1]",,affinity eblock warp,0.13673,0.0115,0.14323,0.01716,0.1047,0.19726,0.13594,0.08959,0.06607,0.09034,0.06579,0.06402,0.12925,0.08514,14.0,26.0,14.0,16.0,22.0,14.0,14.0
304,"[0, 1, 2]","[1, 1, 1]",100.0,10.0,softmax,"[0.7, 0.9]","[0.1, 0.1]",,PCA eblock euclid,0.03617,0.0122,0.05443,0.01645,0.05689,0.05219,0.05431,0.06328,0.09536,0.0925,0.11563,0.09389,0.0913,0.09246,35.0,21.0,39.0,18.0,40.0,35.0,39.0
305,"[0, 1, 2]","[1, 1, 1]",100.0,10.0,softmax,"[0.7, 0.9]","[0.1, 0.1]",,spectral eblock eucsim,0.04377,0.02381,0.06808,0.01979,0.07371,0.06315,0.06774,0.06268,0.09387,0.10002,0.08963,0.11147,0.09043,0.09934,20.0,7.0,25.0,12.0,29.0,20.0,25.0
306,"[0, 1, 2]","[1, 1, 1]",100.0,10.0,softmax,"[0.7, 0.9]","[0.1, 0.1]",,affinity eblock eucsim,0.17563,0.01946,0.17471,0.02686,0.12117,0.25338,0.1631,0.11258,0.07073,0.10853,0.07511,0.07369,0.16242,0.10069,6.0,12.0,9.0,6.0,18.0,6.0,9.0
307,"[0, 1, 2]","[1, 1, 1]",100.0,10.0,softmax,"[0.7, 0.9]","[0.1, 0.1]",,spectral eblock cosine,0.02996,0.00299,0.04692,0.00441,0.05273,0.04322,0.04603,0.02459,0.03677,0.0384,0.0471,0.04856,0.03547,0.03739,44.0,38.0,46.0,35.0,46.0,44.0,46.0
308,"[0, 1, 2]","[1, 1, 1]",100.0,10.0,softmax,"[0.7, 0.9]","[0.1, 0.1]",,affinity eblock cosine,0.17007,0.03083,0.18248,0.01879,0.13634,0.24536,0.17453,0.09387,0.07789,0.09749,0.06844,0.07147,0.13543,0.09274,8.0,5.0,8.0,15.0,12.0,8.0,7.0
309,"[0, 1, 2]","[1, 1, 1]",100.0,10.0,softmax,"[0.7, 0.9]","[0.1, 0.1]",,spectral eblock rbf,0.03728,0.01459,0.05463,0.02195,0.05556,0.05378,0.05458,0.04416,0.06665,0.06397,0.08633,0.06428,0.06371,0.06397,29.0,16.0,38.0,9.0,43.0,29.0,38.0
310,"[0, 1, 2]","[1, 1, 1]",100.0,10.0,softmax,"[0.7, 0.9]","[0.1, 0.1]",,affinity eblock rbf,0.15114,0.01204,0.15581,0.01513,0.1127,0.21805,0.14692,0.09822,0.06238,0.09495,0.06102,0.06848,0.1417,0.08821,12.0,23.0,12.0,20.0,20.0,12.0,12.0
311,"[0, 1, 2]","[1, 1, 1]",100.0,10.0,softmax,"[0.7, 0.9]","[0.1, 0.1]",,spectral eblock edr,0.03991,0.0093,0.08651,0.00097,0.13327,0.05758,0.07876,0.03717,0.05533,0.07308,0.02879,0.10513,0.05363,0.06926,25.0,29.0,24.0,47.0,15.0,25.0,24.0
312,"[0, 1, 2]","[1, 1, 1]",100.0,10.0,softmax,"[0.7, 0.9]","[0.1, 0.1]",,affinity eblock edr,0.28991,0.03324,0.25026,0.03741,0.14996,0.41826,0.22051,0.06967,0.04563,0.06314,0.06473,0.0409,0.10051,0.05736,1.0,4.0,1.0,4.0,6.0,1.0,1.0
313,"[0, 1, 2]","[1, 1, 1]",100.0,10.0,softmax,"[0.7, 0.9]","[0.1, 0.1]",,kmeans eblockset,0.03314,0.00722,0.05126,0.01364,0.05681,0.04781,0.05038,0.03845,0.05837,0.05707,0.07328,0.06386,0.05547,0.05649,40.0,32.0,43.0,23.0,41.0,40.0,43.0
314,"[0, 1, 2]","[1, 1, 1]",100.0,10.0,softmax,"[0.7, 0.9]","[0.1, 0.1]",,complete eblockset,0.03272,0.00238,0.06447,0.00033,0.09313,0.04721,0.05955,0.03437,0.05059,0.06324,0.05553,0.09338,0.04958,0.05929,41.0,40.0,29.0,48.0,25.0,41.0,31.0
315,"[0, 1, 2]","[1, 1, 1]",100.0,10.0,softmax,"[0.7, 0.9]","[0.1, 0.1]",,average eblockset,0.04001,0.00629,0.10125,0.00225,0.17952,0.05772,0.08661,0.01703,0.02605,0.03254,0.00933,0.0459,0.02457,0.03165,24.0,33.0,17.0,44.0,2.0,24.0,20.0
316,"[0, 1, 2]","[1, 1, 1]",100.0,10.0,softmax,"[0.7, 0.9]","[0.1, 0.1]",,ward eblockset,0.03664,0.01215,0.05858,0.01602,0.06752,0.05287,0.05717,0.04513,0.06783,0.06902,0.0849,0.08042,0.06512,0.06785,32.0,22.0,34.0,19.0,34.0,32.0,34.0
317,"[0, 1, 2]","[1, 1, 1]",100.0,10.0,softmax,"[0.7, 0.9]","[0.1, 0.1]",,levenstein,0.07158,0.06399,0.11433,0.06161,0.12755,0.10327,0.11328,0.06512,0.0983,0.10579,0.08996,0.1215,0.09396,0.10468,17.0,1.0,16.0,1.0,16.0,17.0,16.0
